no,date,tweet
1,2020/05/04 10:26:37,empat alas kenapa kartu prakerja baik henti dan ganti blt a thread
2,2020/05/10 11:42:13,innalillahi wa inna ilaihi rojiun turut duka cita atas pulang jenderal purn djoko santoso panglima tni di era presiden sby sempat jadi kepala bpn prabowo sandi di pilpres kenang foto bareng donadam dan fadlizon sama almarhum
3,2020/05/10 11:55:01,innalilahi wainnailaihi raajiun selamat jalan jemderal djoko santoso duka cita yg sangat dalam husnul khotimah n smg beri tempat baik di sisi allah swt alm adalah org yg konsisten n punya diri teguh sungguh rasa hilang alfatihah
4,2020/05/10 10:07:32,fadli zon rakyat bingung karena perintah dan tukang perintah mau beda
5,2020/05/10 10:06:58,fadli zon perintah tak konsisten rakyat jadi korban
6,2020/05/10 10:06:34,fadli zon sebut soeharto bagai pimpin hebat indonesia turun angka miskin signifikan
7,2020/05/10 02:49:16,pak harto salah orang pimpin hebat indonesia hasil bangun ri atas waris hancur ekonomi belum turun angka miskin n anggur cara signifikan tumbuh ekonomi pesat n segani negara lain tentu ada juga sisi kurang
8,2020/05/09 12:43:53,harus dalam rangka psbb usaha kecil dan tengah yg konsumen orang tidak kerumun harus izin buka misal tukang jahit bengkel motor dealer motor dll sehingga ekonomi rakyat masih jalan dan karyawan tidak perlu di phk
9,2020/05/10 02:40:07,negara seperti tdk hadir bela rakyat yg laku tidak manusiawi bagaimana mau harga oleh negara lain negara sendiri gagal lindung nasib jd rakyat di era
10,2020/05/09 15:25:05,dalam upaya lacak jejak laku retas ravio kabar sudah komunikasi dengan orang petinggi whatsapp di singapura
11,2020/05/10 02:33:23,jangan sampai gugus tugas covid larung perintah jubir gugus tugas covid tak libat bikin kaji buka mal hingga sekolah
12,2020/05/10 02:31:08,sy tambah sedikit bang ramlirizal teori memang tapi laksana
13,2020/05/09 13:44:35,menlu sebut abk indonesia larung ke laut atas tuju keluarga
14,2020/05/09 18:39:32,rasa bohong keluarga abk wni yang larung ke laut tuntut pihak salur
15,2020/05/09 23:17:34,
16,2020/05/09 23:13:22,the th anniversary of russia s victory in the great patriotic war selamat hari menang negara rusia ke dalam perang patriotik raya kremlinrussiae rusembjakarta
17,2020/05/09 13:59:37,perintah atau tukang perintah mau beda tak konsisten ubah jadi memang masalah koordinasi para tukang perintah rakyat jadi korban plus bingung ini masalah yg harus selesai para tukang perintah
18,2020/05/09 13:10:52,kremlinrussiae rusembjakarta rbthindonesia
19,2020/05/09 11:49:58,desak perintah usut kasus budak hadap abk wni di kapal china fadli zon hina hadap rakyat indonesia
20,2020/05/09 11:49:27,fadli zon kecewa bas tumpang positif covid pada hari dua bandara soekarnohatta buka
21,2020/05/09 11:49:02,fadli zon kecewa tumpang positif corona pada hari dua bandara soetta buka lewat kbharianaceh
22,2020/05/09 11:48:44,keluarga abk wni tak tahu jasad anak larung fadli zon harus tuntut lewat monitorcoid
23,2020/05/08 11:34:05,sering nyata yg tdk jelas seperti ini ceplos kemudian perlu jelas lagi arti olh staffsnya apa pikir dan hati selaras dengan rakyat tweeps you judgetempodotco alvinlie beritarmol najwashihab bisa jelas lagi
24,2020/05/09 00:13:17,winston churchills inspiring wartime speeches in parliament
25,2020/05/09 01:07:28,jelas sekali jadi budak di kapal sebut harus usut n tuntut nyata komunikasi dg keluarga putus bgmn mau ada izin larung jenazah
26,2020/05/08 15:44:15,begini nasib negeri kalau atur dengan selera sendiri luhut tak mau lockdown tanpa ada vaksin
27,2020/05/08 23:29:50,fadli zon kecewa bas tumpang positif covid pada hari dua bandara soekarnohatta buka
28,2020/05/08 18:35:49,dunia lawan covid jokowi minta masyarakat damai fadli zon jadi mana yang benar
29,2020/05/08 14:58:44,ini yg sebut sahabat dg virus corona hari ini bandara soekarnohatta langsung beludak tumpang tahu positif corona via tribunjabar
30,2020/05/08 14:14:59,sindir menko muhadjir fadli zon ini menteri baru bangun tidur
31,2020/05/07 22:24:27,gawat pln duga manfaat corona untuk sedot uang rakyat
32,2020/05/08 13:51:44,fadli zon pak jokowi jadi mana yang benar apa sih rencana
33,2020/05/08 11:20:23,menkeu sri mulyani tvonenews hariankompas i am glad that at last you cancelled the issuance of pandemic or recovery bonds you have come to a right sense printing money in a corrupt state poor governance is a worst policy choice
34,2020/05/08 13:17:12,rip mas adi kurdi selamat jalan
35,2020/05/08 04:55:41,gubernur sultra ali mazi minta polisi tangkap tka china palsu ktp
36,2020/05/08 11:48:35,ekonom textbook punya resep itu sj n kadang ikut apa yg laku tuan tapi lupa ada situasi kondisi yg beda itu yg bang ramlirizal sebut konteks salah bijak bisa buat mata uang kita makin tak harga
37,2020/05/08 11:30:41,sindir menko muhadjir fadli zon ini menteri baru bangun tidur
38,2020/05/08 11:14:47,
39,2020/05/08 11:14:14,fadli zon sindir menko muhadjir ini menteri baru bangun tidur
40,2020/05/08 11:13:35,viralabkindonesiadisiksadikapaltiongkokcfadlizongeramclalungomongbegini
41,2020/05/08 11:13:00,
42,2020/05/08 05:43:46,minta investigasi soal abk indonesia fadli zon kita bukan budak cina
43,2020/05/08 05:42:28,hal ini yang akan dilkukan fadli zon jika milik sempat tangan virus corona
44,2020/05/08 05:40:39,fadli zon marah besar abk wni laku kejam kita bukan budak cina lewat indoinsidenews
45,2020/05/08 05:40:22,insiden jenazah abk indonesia fadli zon ke jokowi ini langgar ham dan hina kita bukan budak china pojoksatu
46,2020/05/08 05:39:46,minta investigasi soal abk indonesia fadli zon kita bukan budak cina
47,2020/05/08 05:35:02,fadli zon sebut muhadjir efendy baru bangun tidur telah komentar usul lockdown jakarta
48,2020/05/07 19:12:50,hari ini saya terima panggil dua dari polisi untuk hadir periksa tgl mei dengan ucap bismillahirrahmanirrahim bagai warga negara yg taat hukum saya nyata bahwa saya patuh ikut atur hukum
49,2020/05/08 03:26:21,fadli zon perintah indonesia harus tuntut china
50,2020/05/08 03:58:29,komentar menko pmk ini lambat bulan diskusi soal lockdown bulan maret lalu ini menteri spt baru bangun tidur n komentar salah waktu n salah sasar tak guna menko pmk usul lockdown dki konyol tanggung biaya makan wargakucing
51,2020/05/08 01:49:32,pak jokowi jd mana yg benar rang covid atau hidup damai dg virus corona kok spt trial n error bijak n dekat yg gonta ganti ini bingung rakyat juga aparat di daerah apa sih rencana
52,2020/05/08 01:44:58,turut sy langkah bi benar belum tentu cetak uang bisa atas masalah malah bisa timbul masalah baru
53,2020/05/08 01:41:34,kok bisa menaker ri rendah kerja indonesia sambil puji kerja cina sy yakin kerja kita mampu n punya kualitas lebih jgn banding hanya utk cari justifikasi perlu hadir tka china sedih kemnakerri
54,2020/05/07 13:18:57,siap jadi saksi ahli said didu rocky gerung akan saya kuliah acara luhut
55,2020/05/07 23:50:44,tagih lonjak fadli zon pln tidak profesional lewat tagarnews
56,2020/05/07 23:50:24,
57,2020/05/07 23:48:56,fadli zon perintah indonesia harus tuntut china
58,2020/05/07 20:35:10,jasad wni abk buang ke laut fadli zon harus usut dan investigasi
59,2020/05/07 20:34:49,fadli zon desak perintah usut tuntas kasus budak abk indonesia di kapal china
60,2020/05/07 20:34:02,
61,2020/05/07 20:33:33,fadli zon geram pln baru jelas tambah tagih bulan april telah banyak komplain
62,2020/05/07 20:33:02,jika punya sempat urus wabah corona fadli zon henti dulu menteri sehat awan
63,2020/05/07 20:32:17,fadli zon blakblakan henti menteri awan bila suruh tangan wabah virus corona
64,2020/05/07 20:13:24,refly harun sindir kehatihatian fadli zon komentar tak seperti orang kata fadli zon nyinyir tribun wow
65,2020/05/07 17:21:36,fadli zon rakyat jadi korban bingung atur transportasi umum
66,2020/05/07 17:21:16,fadli zon geram pln baru jelas hitung tagih bulan april telah banyak komplain konsumen
67,2020/05/07 17:20:51,
68,2020/05/07 17:20:26,tagih lonjak fadli zon pln tidak profesional lewat tagarnews
69,2020/05/07 17:20:10,semprot pln soal tagih listrik lonjak fadli zon jangan kayak maling
70,2020/05/07 14:07:20,para hina n nista agama ini harus usut n tangkap aparat wenang kalau biar akan resah masyarakat jgn smp rakyat cari jalan sendiri tegak adil n jgn anggap enteng soal sensitif ini sy lihat rekam video hina agama islam n nabi muhammad
71,2020/05/07 13:58:07,sebut kak krn panggil sama alumni afs di amerika serikat kak aniesbaswedan di milwaukee wisconsin as sy di san antonio texas
72,2020/05/07 13:50:47,jasad wni abk buang ke laut fadli zon harus usut dan investigasi
73,2020/05/07 13:35:23,selamat ulang tahun kak aniesbaswedan smg selalu sehat panjang umur sukses n mudah dlm jalan amanah sbg gubernur dki jakarta
74,2020/05/07 13:10:06,turut duka cita dalam smg alm mutammimul ula husnul khotimah beri tempat baik di sisi allah swt alfatihah
75,2020/05/07 12:22:48,gempar isu budak abk indonesia di kapal china fadli zon radang tuntut pihak china menluri jokowi
76,2020/05/07 11:54:23,bukan hanya soal larung yg harus soal tapi budak di kapal china itu jam kerja waktu istirahat upah klu benar dollar diskriminasi makan n minum dll
77,2020/05/07 11:54:13,abk indonesia siksa di kapal tiongkok fadli zon kita bukan budak china lewat monitorcoid
78,2020/05/07 11:54:00,fadli zon kita bukan budak china
79,2020/05/07 11:51:07,sy terbit lg buku prahara budaya buku bagus susun ds mulyanto n taufiq ismail sulit ban krn dalam byk dokumentasi klipping dll buku saksi buas seni ketika jd alat partai komunis pki yg tak jalan babat total ketika itu politik jd panglima seni
80,2020/05/07 11:29:39,masalah jelas tiba tagih listrik naik n nyata ada bijak enak yg tdk diberitahukan ke masyarakat telah protes byk org baru ngaku cara kerja harus profesional jgn sembunyi kayak maling trus apa pertanggungjawaban pln
81,2020/05/07 10:29:49,bahas psbb fadli zon duga politik sebab beda pandang anies dan kemenhub sisa pilkada dulu
82,2020/05/07 10:29:39,fadli zon geram pln baru jelas hitung tagih bulan april telah banyak komplain konsumen
83,2020/05/07 10:29:27,
84,2020/05/07 10:29:19,jenazah abk indonesia buang ke laut dari kapal ikan cina fadli zonpelanggaran ham dan hina
85,2020/05/07 10:29:10,abk indonesia siksa di kapal tiongkok fadli zon kita bukan budak china lewat monitorcoid
86,2020/05/07 10:28:55,kasus abk di kapal china fadli zon minta perintah tindak tegas
87,2020/05/07 03:50:12,bupati boltim vs bupati lumajang fadli zon keren nih bupati boltim berani ambil sikap pro rakyat
88,2020/05/07 03:44:31,baik menhub tanya dulu ke p jokowi ttg beda mudik n pulkam jgn sampai nanti diresafel
89,2020/05/07 03:38:50,fadli zon bela bupati boltim yang adu mulut dengan bupati lumajang
90,2020/05/07 03:38:08,bupati boltim skakmat bupati lumajang soal bansos fadli zon keren nih
91,2020/05/07 03:37:34,sebut refly harun kerap kritik perintah fadli zon putus baik jokowi tempat prabowo
92,2020/05/07 03:16:06,ini harus usut dan investigasi kalau benar berita mbc maka negara harus tuntut pihak china selain praktik budak apa yg laku thd abk indonesia jelas langgar ham n hina thd rakyat indonesia kita bukan budak china menluri kemnakerri jokowi
93,2020/05/07 03:00:25,bagai bijak yg sering tabrak adalah produk manajemen perintah yg miskoordinasi amburadul segera konsolidasi n matang dulu bijak itu koordinasi dg kepala daerah gubernur bupati n walikota
94,2020/05/07 02:57:07,mudah gub bi tetap prudent n diri sesuai kompetensi n ahli untuk tetap ambil langkah yg tepat n tidak bahaya negara
95,2020/05/07 02:25:42,caracara pln ini sangat tdk profesional dan sangat rugi konsumen tak ada pemberitahuan kpd konsumen n ambil langkah enak shg tagih tingkat tajam telah byk komplain baru ada jelas
96,2020/05/06 21:24:14,kuat tata kelola sehat di asia pasifik lewat diplomasi parlemen via
97,2020/05/06 21:24:04,perintah belum turun harga bbm fadli zon indonesia memang beda
98,2020/05/06 21:23:54,sebut kivlan zen korban kriminalisasi fadli zon seperti dicaricari salah
99,2020/05/06 21:23:45,fadli zon sebut mitra kartu pra kerja tak kompeten dalam beri latih
100,2020/05/06 21:23:34,
101,2020/05/06 21:23:19,buka puasa sama p fuad bawazier n babe ridwan saidi sambil melihatlihat koleksi
102,2020/05/06 21:11:04,fadli zon punya alas program kartu prakerja harus henti
103,2020/05/06 21:10:53,anggap mubazir fadli zon usul program prakerja audit
104,2020/05/06 11:59:37,turut sy pak kivlan korban kriminalisasi pd waktu pilpres ada kesan seperti cari salah ia banyak jasa bagi bangsa n negara bebas mayjen tni purn kivlan zen
105,2020/05/06 02:01:33,alas penting kenapa program kartu prakerja harus henti
106,2020/05/06 02:28:06,indonesia memang beda
107,2020/05/06 02:25:43,ini bijak yg benar produksi dlm negeri karya anak bangsa prioritas
108,2020/05/06 01:30:16,keren nih bupati boltim kalau semua bupati spt ini berani ambil sikap n pro rakyat maka hebat indonesia
109,2020/05/06 01:20:36,pii dulu organisasi ajar islam paling militan paling depan hadap dg pki dirgahayu pii
110,2020/05/06 01:09:34,fadli zon selamat jalan mas didi kempot seniman besar indonesia national treasure
111,2020/05/06 01:09:03,fadli zon ungkap alas mengapa kartu prakerja baik henti
112,2020/05/06 01:07:28,fadli zon sebut didi kempot national treasure
113,2020/05/05 21:35:28,
114,2020/05/05 17:35:44,
115,2020/05/05 17:35:26,soal tka tiongkok fadli zon dukung langkah tegas wali kota kendari fadlizon via jpnncom
116,2020/05/05 17:33:29,
117,2020/05/05 17:33:14,fadli zon beber janggal kartu prakerja rp triliun kasih ke tvri bisa tonton juta masyarakat pojoksatu
118,2020/05/05 15:53:39,hadir rapat paripurna dprri cara virtual
119,2020/05/05 15:51:06,
120,2020/05/05 15:50:21,
121,2020/05/05 15:50:09,
122,2020/05/05 15:49:56,fadli zon sebut kartu prakerja ampo digital nyaris sama dengan bank century pojoksatu
123,2020/05/05 15:49:48,maki minta kpk selidik duga korupsi kartu prakerja fadli zon minta kartu prakerja henti
124,2020/05/05 15:49:39,
125,2020/05/05 15:23:12,fadli zon selamat jalan mas didi kempot telusur
126,2020/05/05 15:07:40,fadli zon desak jokowi pak henti kartu prakerja kalang sudah cium bau amis
127,2020/05/05 15:07:07,fadli zon sindir luhut negara ini milik kita sama bukan milik gelintir orang
128,2020/05/05 15:06:18,maki minta kpk selidik duga korupsi kartu prakerja fadli zon minta kartu prakerja henti
129,2020/05/05 11:35:04,selamat jalan mas didi kempot seniman besar indonesia national treasure smg terima di tempat baik di sisi umur memang tak bisa duga ketika waktu harus hadap yang mahakuasa tak kan bisa elak walau detik
130,2020/05/04 18:41:27,sasar ke para dagang janda lansia dll yg dampak covid jelang buka laskar dari dpc fpi tanjung priok jakut salur nasi mandhi ayam merah ini rupa hasil donasi masyarakat yg salur lalu rekening fpi manusia
131,2020/05/04 14:00:23,desak setop kartu prakerja fadlizon banding dengan anggar tvri
132,2020/05/04 16:11:00,rizal ramli omnibus gombal dan begal digital hasil demokrasi kriminal yang tak bawa sejahtera
133,2020/05/04 14:50:54,hiii ingat zaman orlapresiden bubar dpr hasil milu ketua dpr dan ketua dpa jadi bantu presiden tingkat menterimpr bikin jabat presiden umur hidup semua tabrak konstitusi rakyat tidak tahan akhir rame jatuh presiden dan nyungseprakyat monitor
134,2020/05/05 02:54:00,kritik adalah bagi tak pisah dari demokrasi turut sy kritik bang msaiddidu masih dalam koridor sampai dapat yg jamin konstitusi apalagi sdh ada klarifikasi negara ini milik kita sama bukan milik gelintir orang
135,2020/05/05 02:48:46,empat alas fadli zon agar jokowi segera henti kartu prakerja dan alih anggar untuk blt via tribunnews
136,2020/05/05 00:19:03,desak jokowi henti kartu prakerja fadli zon banyak kalang sudah cium bau amis program ini
137,2020/05/05 00:18:51,
138,2020/05/04 17:08:40,
139,2020/05/04 17:08:01,
140,2020/05/04 17:07:44,ri bilang nyerah soal tka china fadli zon bukan nyerah tapi takluk
141,2020/05/04 17:07:30,
142,2020/05/04 17:07:08,desak kartu prakerja setop fadli zon warga butuh blt bukan latih
143,2020/05/04 17:06:30,fadli zon kritik rencana perintah datang tka china
144,2020/05/04 17:06:22,empat alas fadli zon agar jokowi segera henti kartu prakerja dan alih anggar untuk blt lewat tribunnews
145,2020/05/04 17:06:13,fadli zon ungkap fakta kejut korban phk imbas pandemi covid capai juta orang lewat tribunnews
146,2020/05/04 17:06:01,
147,2020/05/04 17:05:48,fadli zon gereget yang beking tka china pasti punya
148,2020/05/04 17:05:36,
149,2020/05/04 14:11:28,siang ini rapat dg dr kihyun hahm technical officer for legislation and regulation dari asia pacific parliamentarian forum on global health appfgh
150,2020/05/04 13:30:48,fadli zon doa djoko santoso segera lewat masa kritis di rspad
151,2020/05/04 13:29:46,kritik kartu prakerja fadli zon banding dengan anggar tvri bisnis
152,2020/05/04 13:28:46,fadli zon kritik kartu prakerja cacat dan layak setop ini alas
153,2020/05/04 13:28:25,desak kartu prakerja setop fadli zon warga butuh blt bukan latih
154,2020/05/04 13:27:53,fadli zon banding anggar kartu prakerja dengan tvri kabar
155,2020/05/04 13:27:09,fadli zon blt lebih butuh ketimbang kartu prakerja
156,2020/05/04 13:26:32,fadli zon kritik kartu prakerja cacat meleset dari tuju bisnis
157,2020/05/04 13:24:47,empat alas fadli zon agar jokowi segera henti kartu prakerja dan alih anggar untuk blt via tribunnews
158,2020/05/04 07:39:02,teriak langgan tarif listrik pln naik persen
159,2020/05/04 10:29:04,itu sebab biaya latih kartu prakerja yang tak masuk akal tadi harus segera pangkas henti dan alih blt untuk luas terima bantu di tengah krisis ini
160,2020/05/04 10:29:04,bagai catat angka juta itu sudah hitung para kerja di sektor umkm yang juga kena dampak pandemi realitas bisa saja korban phk lebih besar dari juta karena hampir mayoritas sektor kerja baik formal maupun informal dampak covid
161,2020/05/04 10:29:03,turut data kadin jumlah korban phk saat ini bisa capai juta orang angka ini jauh lebih besar dari data yang rilis menteri ketenagakerjaan kemenaker pada april lalu yang hanya catat juta jiwa
162,2020/05/04 10:29:02,di tengah pandemi ini perintah harus luas beri blt jika segmensegmen lain sudah dicover oleh program bansos bantu sosial maka untuk mereka yang baru saja hilang kerja atau dapat anggar kartu prakerja ini bisa alih ke situ
163,2020/05/04 10:29:02,apalagi banyak kalang kini sudah cium bau amis program ini mereka dapat program ini salah sasar serta harus henti
164,2020/05/04 10:29:01,jika program ini terus hingga gelombang ke sesuai rencana mula saya ingin ingat presiden kalau program ini bisa jadi soal hukum dan politik di kemudian hari
165,2020/05/04 10:29:00,dengan empat catat itu saya kira program kartu prakerja ini baik henti sudah gelombang empat harus perintah evaluasi besarbesaran program ini dan alih jadi sepenuh program blt
166,2020/05/04 10:26:50,padahal mereka adalah user dari serta program kartu prakerja
167,2020/05/04 10:26:50,lagi pula bagai program perintah yang kait dengan dunia usaha program ini sama sekali tak libat asosiasi dunia usaha seperti kadin kamar dagang dan industri hipmi himpun usaha muda indonesia asosiasi umkm atau koperasi
168,2020/05/04 10:26:49,apalagi semua materi yang tawar hanya tutorial dasar yang bisa cari gratis di internet atau tonton di youtube itu tunjuk inkompetensi mitra yang tunjuk
169,2020/05/04 10:26:49,misal apa kompetensi ruang guru sehingga bisa beri latih serta sertifikasi ahli jurnalistik pada orang lain bagaimana bisa serta tawar latih mancing oleh usaha mitra
170,2020/05/04 10:26:48,empat mitra tidak kompeten delapan usaha yang jadi mitra kartu prakerja ini bagai marketplace mungkin kompeten tapi tidak di soal materi yang latih
171,2020/05/04 10:26:48,turut saya guna anggar negara harus tidak boleh gegabah seperti itu potensi seleweng jadi besar sekali
172,2020/05/04 10:26:47,tiga validasi data lemah terima bantu kartu prakerja ini tak jelas kriteria dan parameter semua orang bisa daftar dan semua bisa aku hak terima bantu seleksi juga sifat random saja tidak libat verifikasi data atau jenis
173,2020/05/04 10:26:47,jadi turut saya skema program ini memang masalah
174,2020/05/04 10:26:46,latih terampil dan kewirausahaan saya kira bukan hanya juta target kartu prakerja saja yang bisa tonton tapi juga juta masyarakat indonesia bahkan mereka tak perlu beli pulsa kuota atau milik ponsel android untuk bisa akses
175,2020/05/04 10:26:45,bagai banding anggar tvri dan rri dalam apbn itu masingmasing hanya rp triliun dan rp triliun kalau anggar beli video itu kata rp miliar saja atau bahkan kurang dari itu serah ke tvri atau rri untuk produksi siar program
176,2020/05/04 10:26:45,kalaupun perintah tetap ngotot mau bikin latih karena materi latih itu anggap penting apa masuk akal biaya latih online sedot anggar hingga rp triliun jangan lupa duit besar itu habis hanya untuk beli video tutorial ini kan tak masuk akal
177,2020/05/04 10:26:44,sekarang bayang kalau hampir persen anggar bantu bagi korban phk atau mereka yang hilang hasil nyata habis untuk halhal lain dari sisi anggar ini jelas inefisiensi dari sisi administrasi ini jelas maladministrasi
178,2020/05/04 10:26:44,jangan lupa anggar rp triliun yang masuk ke kantong platform digital itu capai persen seluruh anggar kartu prakerja
179,2020/05/04 10:26:43,ini untuk jaga agar anggar kartu prakerja bisa utuh ratus persen sampai ke masyarakat tidak potong oleh mitra sedia jasa latih
180,2020/05/04 10:26:43,seperti poin pertama tadi kalau mau bantu masyarakat dampak harus laku lalu blt saja tak perlu libat latih
181,2020/05/04 10:26:42,dua skema program tidak masuk akal sudah jadi pandemi covid perintah telah ubah tuju program kartu prakerja ini jadi bantu masyarakat yang dampak wabah ini adalah skema masalah
182,2020/05/04 10:26:42,jadi konteks gagas adalah program dalam kondisi normal sehingga paksa program sebut di tengah situasi krisis jelas masalah konsep jadi tidak relevan
183,2020/05/04 10:26:41,semua orang pasti masih ingat program ini benar berangkat dari janji kampanye calon presiden joko widodo
184,2020/05/04 10:26:41,lagi pula mau usaha apa atau kerja di mana wong hampir semua usaha masuk sektor informal saat ini semua tutup blt lebih butuh untuk sambung hidup di tengah covid
185,2020/05/04 10:26:40,target serta program ini misal korban putus hubung kerja phk jelas lebih butuh bantu upa cash transfer atau bantu langsung tunai blt daripada latih online
186,2020/05/04 10:26:40,pertama program ini tak relevan atas dampak covid program kartu prakerja tidak jawab krisis yang tengah hadap
187,2020/05/04 10:26:39,jika rumus saya catat tidak ada empat alas kenapa program ini harus anggap masalah
188,2020/05/04 10:26:38,tak tanggungtanggung nilai capai rp triliun atau hanya paut sedikit bawah nilai skandal bank century bahkan ada yg kata bahwa program ini bukan latih digital tapi ampo digital inti laksana program ini cacat dan meleset dari tuju
189,2020/05/04 10:26:38,kritik hadap laksana program kartu prakerja terus muncul datang dari banyak kalang lalu program kartu prakerja perintah nilai hanya sedang tebal kantong jumlah usaha aplikasi digital
190,2020/05/04 10:16:46,rizal ramli singgung jokowi bela sus pudjiastuti fadli zon waketum gerindra lupa sejarah
191,2020/05/04 01:15:00,pak jokowi kami juga kena dampak dari covid ini hasil tidak ada keluar tambah subsidi kami tak terima dan wajar tetapi masa kami harus ikut juga subsidi beban pln biasa sekitar rb rban skrg naik tega nian ini pak
192,2020/05/03 16:17:54,tka china dari bandara haluoleo kendari tidak bisa lewat tuju morosi jika pintu gerbang kota kendari tutup dan pasti kawal puluh ribu masyarakat harap jangan paksa nanti chaos dan rakyat korban
193,2020/05/03 22:23:14,
194,2020/05/03 22:23:00,
195,2020/05/03 22:22:45,fadli zon gereget yang beking tka china pasti punya
196,2020/05/03 22:22:33,soal tka tiongkok fadli zon dukung langkah tegas wali kota kendari
197,2020/05/03 22:22:21,ajak bro ahmaddhaniprast keliling n lihat koleksi
198,2020/05/03 20:20:50,ramai kritik kartu prakerja fadli zon sebut negara dagel publicanews nasional
199,2020/05/03 17:47:19,latih digital vs ampo digital kalau bisa ada yg buat polling
200,2020/05/03 16:03:07,said didu ulang tahun fadli zon jangan tanggung jangan
201,2020/05/03 16:02:57,wna palsu ktp milik dua usah di sultra fadli zon kita sudah jajah
202,2020/05/03 15:57:40,dukung langkah walikota tak usah takut ambil sikap utk penting warga apalagi di saat pandemi covid wali kota kendari tutup pintu bagi tka china kami jaga asa warga
203,2020/05/03 15:00:12,sekali lagi ingat jgn pernah urus dg emakemak mereka punya power yg dahsyat urus dg emakemak kelar idup lu wkwkwkwk
204,2020/05/03 14:45:15,bansos yang salur itu uang negara uang rakyat bukan bantu pribadi aneh kalau tempel gambar macammacam see rocky gerung cecar refly part lucu tunggu tas logo presiden via youtube
205,2020/05/03 14:38:14,kita hidup di zaman dagel klu dulu ada orla orba orde reformasi orre skrg bisa kita nama orda orde dagel tuju
206,2020/05/03 14:22:52,kalau berita ini benar dan diam itu tanda kita sdh jajah
207,2020/05/03 14:15:59,jangan bohong sy yakin byk kerja kita yg bisa sesuai kualifikasi coba transparan n buka informasi jgn akal krn banyak turnkey project
208,2020/05/03 14:12:43,dua tahun lalu sy sempat ke simpang kka n temu beberapa keluarga korban alfatihah
209,2020/05/03 07:17:53,batal program kartu pra kerja sekarang juga buat apa beri latih di situasi pandemi covid sedang lapang kerja sudah tidak ada usaha banyak yg memphk massal curhat kecele serta latih kartu prakerja ala jokowi
210,2020/05/03 13:11:52,kemarin sore silaturahim bareng sahabat lama bang ms ka ban munarman n aru syeif assadullah di fadlizonlibrary foto tongkat h agus salim
211,2020/05/03 12:09:32,ombudsman langgan keluh tarif listrik naik saat wabah
212,2020/05/03 12:22:09,luhut polisi kritik ubedilah badrun kesan rezim saat ini makin anti kritik
213,2020/05/03 12:18:33,waduh bupati konawe sebut luhut dukung upaya datang tka china
214,2020/05/03 07:36:34,serah bingkis sembako atas gotong royong warga ikm ikat keluarga mang jakarta timur yg akan serah kepada masyarakat yg butuh
215,2020/05/03 00:32:59,back up tka china janji luhut ke bupati konawe sudah ker apa yang kau minta kami siap
216,2020/05/03 01:21:48,selamat miladbang msaiddidu smg tetap sehat kuat semangat n pantang serah jangan tanggung jangan kepalang
217,2020/05/02 19:37:24,said didu beking tim advokat pimpin purnawirawan tni lawan luhut
218,2020/05/02 22:39:28,ampun deh ada tri yg ngomong akan alih realokasi dana infrastruktur utk atas dampak corona ini piye toh tender proyek infrastruktur jalan terus mas basuki bimpupr jangan gitu dong amburadul amat sih koordinasi
219,2020/05/01 20:46:13,yuk gabung
220,2020/05/02 22:09:18,fadli zon kalau tuan rumah gubernur dan dprd sudah tolak apalagi alas untuk terima tka china
221,2020/05/02 17:28:04,fadli zon kritik rencana perintah datang tka china
222,2020/05/02 14:50:55,bagai ketua umum ikm ikat keluarga mang saya serah bingkis sembako atas gotong royong warga ikm jakarta timur yg akan serah kepada masyarakat yg butuh
223,2020/05/02 11:42:34,selamat hari didik nasional haripendidikannasional hardiknas
224,2020/05/01 22:25:03,siapa kita ikan beras kg dan uang rp tanpa pandang suku agama ras etnis politik video ke
225,2020/05/02 01:39:26,lihat akan ada macam baratayuda
226,2020/05/01 18:25:35,bagi lgsg oleh laskar fpi dan mpi gambir paket nasi mandhi ayam merah sasar warga krg mampu kaum dhuafa hingga urus masjid ini rupa hasil donasi masyarakat yg salur lalu rekening fpi manusia
227,2020/05/02 00:05:13,tagar bismillahwithsaiddidu tuju utama bukan tranding lain suara hati ketuk pintu langit insyaallah benar akan menang namakuanisa
228,2020/05/01 21:37:33,ombudsman minta kemenaker henti tka cina ke kendari
229,2020/05/01 14:28:19,moga mba belum lupa bahwa negara dlm periode yg panjang pasca punya mesin yg dgn cepat bisa bikin pemuda jadi jompo umur tampil memang milenial tapi pikir kolonial jadi mereka bkn perlu bimbing tp giring ke adil
230,2020/05/01 20:42:17,selamat milad pemuda muhammadiyah
231,2020/05/01 20:13:26,
232,2020/05/01 16:36:56,rektoruniversitasinidapatbantuansembakojokowicfadlizonabuktidataamburadul
233,2020/05/01 16:36:45,ri bilang nyerah soal tka china fadli zon bukan nyerah tapi takluk
234,2020/05/01 16:36:05,fadli zon gereget yang beking tka china pasti punya
235,2020/05/01 15:51:46,ri bilang nyerah soal tka china fadli zon bukan nyerah tapi takluk
236,2020/04/30 11:28:32,imam besar habib rizieq shihab sedang olahraga moga beliau serta seluruh keluarga serta para jamaah selalu beri kuat lindung dan sehat oleh allah swt allahu akbar
237,2020/05/01 10:07:14,mas amassardi guna istilah begal digital untuk kasus tipu scam ruang guru dll memang yg pada teriak ekonomi lebih banyak begal nya timpang inovasi riel dan tingkat nilai tambah
238,2020/05/01 13:10:19,bukan nyerah tp takluk
239,2020/05/01 12:31:39,tka cina masuk sultra fadli zon yang beking punya penting pribadi
240,2020/05/01 12:30:31,rektor uic aku dapat bansos jokowi fadli zon duh ironi negara maju
241,2020/05/01 12:30:13,orang rektor dapat bansos jokowi fadli zon data amburadul
242,2020/05/01 11:20:33,rektor uic aku dapat bansos jokowi fadli zon duh ironi negara maju darisuara
243,2020/05/01 11:07:33,kaum buruh adalah aset bangsa karena panjang sejarah indonesia kaum buruh beri kontribusi nyata kita dukung juang buruh untuk capai makmur bagi rakyat indonesia selamathariburuhinternasional
244,2020/05/01 00:49:14,data kita amburadul beranta itu yg keluh banyak kepala desa n laksana di bawah urus data begini saja belepotan duh ironi negara maju
245,2020/04/30 23:42:58,kalau tuan rumah gubernur n dprd sdh tolak apalagi alas utk terima tka sebut harus pulang yg beking pasti punya penting pribadi bukan penting rakyat sultra jgn lupa pasal ayat uud
246,2020/04/30 23:35:08,singgung bantu logo jokowi fadli zon itu uang rakyat bukan presiden pojoksatu
247,2020/04/30 23:23:22,kemenaker adalah pintu utama masuk atau tidak nya ada tenaga kerja asing dan yang tuju untuk rencana guna tenaga kerja asing besar tka asal cina adalah kemenaker ini dagel lah kok di bilang tak bisa tolak legalitas tka china tsb
248,2020/04/30 23:24:37,ini tulis sy thn jejak langkah pramoedya sy tulis telah tani mochtar lubis mengambalikan hadiah magsaysay sisi lain pramoedya yg gelap
249,2020/04/29 12:38:53,dr mike ryan executive director who emergencies programme when asked what are the most important things in emergency management usually answers three things governance governance governance the same applies to disaster risk management covid
250,2020/04/30 19:03:28,bikin twit soal tas banpres fadli zon rakyat butuh isi
251,2020/04/30 16:41:22,tka cina masih masuk indonesia fadli zon terlalu ini hina akal waras kita lewat fajar indonesia network
252,2020/04/30 15:03:49,kritik bantu presiden fadli zon enggak perlu pakai logo citra lewat politiktoday
253,2020/04/30 15:02:55,fadli zon semprot kemenaker terima tka china negara ini milik siapa
254,2020/04/30 14:46:53,bansos sendat karena tunggu tas logo bantu presiden fadli zon tak perlu logo untuk citra tribun palu
255,2020/04/30 14:46:17,polemik tas bantu presiden fadli zon enggak perlu pakai logo citra minangkabaunews
256,2020/04/30 14:11:35,tas bantu presiden fadli zon enggak perlu pakai logo citra
257,2020/04/30 14:08:17,fadli zon kritik jokowi soal bansos rakyat tak butuh logo tapi isi
258,2020/04/30 13:35:35,bantu sosial sempat sendat tas presiden fadli zon rakyat tak butuh logo tapi isi
259,2020/04/30 13:35:24,jokowi bagibagi sembako fadli zon sebut rakyat lebih butuh isi daripada logo tas warta kota
260,2020/04/30 12:45:50,bantu sosial sempat kendala tas jinjing presiden fadli zon rakyat butuh isi
261,2020/04/30 12:45:38,pakai logo presiden fadli zon rakyat butuh isi
262,2020/04/30 12:44:20,bansos pakai logo presiden fadli zon rakyat lebih butuh isi
263,2020/04/30 11:49:08,ini bansos bantu sosial atau banpres bantu presiden zaman sdh ubah harus nggak perlu pakai logo utk citra toh uang rakyat kembali ke rakyat bukan uang pribadi presiden sy yakin rakyat tak butuh tas logo banpres tapi isi
264,2020/04/30 11:37:51,ini bansos bantu sosial atau banpres bantu presiden zaman sdh ubah harus nggak perlu pakai logo utk citra toh uang rakyat kembali ke rakyat sy yakin rakyat tak butuh tas logo banpres tapi isi news
265,2020/04/29 13:02:04,refly harun imbau jokowi tak citra di tengah wabah tidak ada periode tiga
266,2020/04/29 16:18:17,tidak pakai masker di dalam mobil saat psbb bisa pidana lalu bagaimana dengan jokowi saat bagibagi sembako
267,2020/04/29 15:59:42,intelektual itu kritis pada kuasa yang kritis pada yang kritis pada kuasa itu nama buzzer atau fans club
268,2020/04/30 01:51:24,fadli zon sorot masih masuk tka china di tengah pandemi covid via radarbogorid
269,2020/04/29 23:58:14,mohon ken bpkri audit cetak sawah baru krn proyek tsb sangat besar dan luas tapi fakta luas tanam dan produksi tidak tingkat sesuai dg luas proyek tsb saya saksi proyek cetak sawah baru banyak yg mangkrak di bagai daerah
270,2020/04/29 18:54:01,kritik jokowi fadli zon bagi sembako di jalan tentang dengan prinsip psbb lewat idtodayco
271,2020/04/29 18:53:06,gubernur sultra tolak tka tiongkok fadli zon kasih dukung
272,2020/04/29 18:52:37,mirislihatwargaberhamburandijalanrebutansembakocfadlizonkomentarbegini
273,2020/04/29 18:51:50,fadli zon sorot masih masuk tka china di tengah pandemi covid lewat radarbogorid
274,2020/04/29 18:50:59,perintah harus perhati laku sektor pangan lewat suaraislamid
275,2020/04/29 16:48:56,fadli zon terlalu masih masuk tka china di tengah pandemi corona
276,2020/04/29 15:50:00,fadli zon tka cina masih bisa masuk hina akal waras kita
277,2020/04/29 12:18:14,pesawat tsb diidzinkan angkut tumpang hanya untuk bisnis teori baru virus corona tidak tular bisnis virus corona hanya tular luar bisnis jadi kalau kita mau aman dari virus corona jadi bisnis
278,2020/04/29 11:54:37,tka cina masuk ri fadli zon hina akal waras kita
279,2020/04/29 11:54:15,viral kades di subang protes jokowi fadli zon saya salut konfrontasi
280,2020/04/29 11:54:00,tka cina izin masuk ri di tengah corona fadli zon hina akal waras telusur
281,2020/04/29 11:17:04,tka cina masuk ri fadli zon hina akal waras kita lewat indoinsidenews
282,2020/04/29 11:16:52,mirislihatwargaberhamburandijalanrebutansembakocfadlizonkomentarbegini
283,2020/04/29 11:16:07,soal tka china izin masuk indonesia fadli zon ini hina akal waras kita
284,2020/04/29 11:15:49,potret fadli zon usia tahun banyak yang kagum
285,2020/04/29 02:59:42,dalam rangka ingat haripuisinasional sy share baca puisi sajak temu mahasiswa karya ws rendra dalam acara rindu rendra pada jumat desember di graha bhakti budaya taman ismail marzuki
286,2020/04/28 12:26:56,ini ironi perintah joko widodo hasil proses demokrasi kini justru tunjuk sisi otoriter makin ironis karena gejala ini kuat di tengah derita rakyat akibat pandemi covid
287,2020/04/29 02:43:23,smg almarhumah husnul khotimah alfatihah turut duka cita pak dipoalam smg tabah n sehat selalu
288,2020/04/29 02:42:10,mari kita awas jgn sampai jadi bancak ampo spt di masa lalu
289,2020/04/29 02:09:07,sungguh terlalu masih masuk tka cina di tengah pandemi covid ini hina akal waras kita mmgnya tak ada pekerjaburuh kita yg bisa laku kerja itu ini tentang dg semangat psbb n karantina apalagi dr negara sumber virus corona dukung pak gubernur
290,2020/04/29 01:28:47,turut duka cita dalam atas wafat kak kartono muhammad smg alm beri tempat baik di sisi allah swt husnul khotimah alfatihah
291,2020/04/28 23:55:25,pbnu omnibus law ciptaker sarat zalim
292,2020/04/28 22:23:09,selamat hari puisi nasional
293,2020/04/28 20:33:29,webinar being better prepared lessons from the covid pandemic parliamentary action to reduce risks increase resilience and strengthen emergency preparedness with ipuparliament undrr
294,2020/04/28 19:57:25,terima kasih kirim kaos bang msaiddidu
295,2020/04/28 19:05:31,kades di subang protes ke jokowi soal bantu fadli zon bilang salut
296,2020/04/28 16:49:47,kepala desa protes ke jokowi fadli zon calon pimpin masa depan
297,2020/04/28 16:48:56,kritik jokowi yang kembali bagibagi sembako di jalan fadli zon presiden jangan ambil alih tugas ketua rt dan rw
298,2020/04/28 16:24:19,fadli zon klaim jumlah mati corona di ri tembus masuk akal
299,2020/04/28 16:24:09,masuk akal lebih tinggal fadli zon banyak pdp tinggal tapi tak data covid perintah tidak transparan berita jambi ekspres
300,2020/04/28 16:23:50,fadli zon tanggap temu korban covid di indonesia perintah harus transparan
301,2020/04/28 15:34:07,puisi saya nyanyi ari malibu alm kenang wafat musisi n komponis sang maestro idris sardi tahun lalu april alfatihah
302,2020/04/28 15:28:06,fadli zon kritik bupati klaten soal bantu stiker curi dalam sulit
303,2020/04/28 15:27:58,fadli zon muda singgung bung hatta kulit politik luar negeri bareng marzuki darusman theo sambuaga pos kupang
304,2020/04/28 15:27:46,viral soal nasi anjing sesal fadli zon lalu unggah tanding beri nama nasi tomat pos kupang
305,2020/04/28 15:27:13,fadli zon perintah harus transparan umum juga pdp yang wafat
306,2020/04/28 15:13:18,fadli zon ingat jokowi jangan ambil alih tugas ketua rt
307,2020/04/28 15:13:11,salut atas berani kepala desa jalancagak indra zainal alim fadli zoncalon pimpin masa depan
308,2020/04/28 15:13:03,fadli zon tanggap temu korban covid di indonesia perintah harus transparan
309,2020/04/28 14:08:06,lapor media asing itu masuk akal byk yg tinggal dlm status pdp tidak data krn covid ada brbagai alas tdk tes lambat hasil tes dll harus perintah transparan umum juga brp jumlah pdp yg wafat byk org jebak n papar krn data kurang transparan
310,2020/04/28 13:54:56,jokowi kembali bagibagi sembako fadli zon tentang dengan atur psbb
311,2020/04/28 13:54:35,fadli zon pak jokowi bagi sembako di jalan sangat tentang dengan prinsip psbb
312,2020/04/28 13:53:25,fadli zon perintah harus utama tani bukan industri startup
313,2020/04/28 13:52:53,jokowi bagi sembako di jalan fadli zon bisa bahaya
314,2020/04/28 11:50:21,nemu file lawas saat jadi bicara di rcti feb sama marzuki darusman theo sambuaga n dewi fortuna anwar tentang arah politik luar negeri indonesia sy usia thn
315,2020/04/28 11:34:06,jokowi bagi sembako di jalan fadli zon itu tugas pak rt presiden pikir bijak strategis fajar
316,2020/04/28 11:33:55,viral kades di subang protes jokowi fadli zon saya salut
317,2020/04/28 11:23:23,tentang kelas cara bagi bingkis ala sinterklas ini bisa picu tentang kelas coz yg dapat bingkis orang miskin kota bagaimana dng orang miskin desa yg jumlah besuar sangat butuh bingkis bukankah lebih baik bikin bijak yg nyenangkan lebih banyak orang
318,2020/04/28 10:59:37,hari ini tahun lalu telah pergi maestro indonesia idris sardi ia biolis handal komponis n ilustrator musik film yg selalu sabet harga piala citra n ffi ini patung perunggu idris sardi di rumah budaya fz aieangekcottage latar gunung singgalang sumbar
319,2020/04/28 10:46:53,mungkin gera mahasiswa sedang karantina mandiri
320,2020/04/28 10:26:31,puluh pria tato jadi santri habib bahar smith di lapas cibinong
321,2020/04/28 10:21:32,jokowi bagibagi sembako di jalan fadli biar itu jadi tuga
322,2020/04/28 10:20:14,viral foto habib bahar sama napi tato fadli zon santri beliau
323,2020/04/28 10:19:32,jokowi bagi sembako di jalan fadli zon ini tentang dengan psbb
324,2020/04/28 10:13:43,jokowi bagi sembako di jalan fadli zon tentang dengan prinsip psbb bisa laku rtrw
325,2020/04/28 03:13:36,kalau benar video ini sy salut pd kepala desa ini kok pintar n berani sekali ya pak kades contoh kepala desa yg benar pikir rakyat calon pimpin masa depan
326,2020/04/28 03:09:49,pak jokowi yth bagi sembako di jalan sangat tentang dg prinsip psbb n bisa bahaya mereka yg rebut biar tugas bagi ini cukup laku oleh rt dan rw agar rata dan lebih adab bapak bisa pikir bijak yg lebih strategis terima kasih
327,2020/04/28 03:05:16,sy saksi bahwa bro geiszchalifah adalah inisiator jakarta melayu festival n pernah hadir juga acara ini di tahun awal acara yg sangat bagus angkat musik melayu indonesia
328,2020/04/28 03:02:51,rpkad ada di garis depan selamat ri dr kudeta kaum komunis pki mereka cinta oleh rakyat ketika itu dg sambut sbg pahlawan tni adalah tentara rakyat krn asal dr rakyat n juang untuk rakyat
329,2020/04/27 23:00:00,fadli zon unggah buah foto yang tunjuk bahar bin smith pose sama narapidana lain di lembaga masyarakat cibinong bogor foto unggah di akun twitter pribadi fadlizon
330,2020/04/28 00:00:05,fadli zon perintah harus prioritas tani bukan industri startup lewat rmoljatim
331,2020/04/27 22:27:45,kalapas pondok rajeg soal potret habib bahar bareng napi tato itu foto
332,2020/04/27 20:41:07,kuasa eksekutif luar biasa besar fadli zon parlemen makin tidak relevan via demokrasicoid
333,2020/04/27 20:17:19,sy atas nama ketua dpp ikat keluarga mang ikm ucap selamat jalan ibadah puasa kepada seluruh warga mang di seluruh indonesia moga segala amal ibadah kita terima oleh allah swt tetap jaga sehat jaga silaturahim dan saling bantu antar sama
334,2020/04/27 20:11:26,kembali kritik perintah fadli zon sentil perpuu corona
335,2020/04/27 20:11:18,sorot bantu nasi anjing fadli zon sayang beri nama ini canda atau sengaja
336,2020/04/27 20:10:18,dunia hantu corona fadli zon harus perintah prioritas tani bukan startup
337,2020/04/27 19:52:00,sbg ketua dpn himpun rukun tani indonesia hkti sy ucap selamat ulang tahun hkti ke tahun tani adalah tulang punggung bagi tahan dan daulat pangan nasional kita tani harus dapat proritas dirgahayu hkti tani makmur rakyat sejahtera
338,2020/04/27 18:43:47,thn brp itu ya bro jjrizal sy inget ente telp sy itu polisi mmg salah tangkap
339,2020/04/27 18:41:17,kok takut amat selidik jelas itu virus dr wuhan
340,2020/04/27 16:46:14,viral bungkus nasi anjing fadli zon alas apa sulit terima
341,2020/04/27 16:06:04,politikus gerindra fadli zon unggah foto habib bahar bin smith sama narapidana acara bahar sebut napi itu rupa murid bahar
342,2020/04/27 15:20:32,bantu nasi anjing viral fadli zon sayang beri nama lontar tanya ini
343,2020/04/27 14:44:40,dunia ancam lapar fadli zon perintah harus prioritas tani bukan industri startup
344,2020/04/27 14:43:14,fadli zon perintah harus prioritas tani bukan industri startup
345,2020/04/27 14:42:51,anggar tangan virus corona capai rp triliun fadli zon bagaimana sektor pangan warta kota
346,2020/04/27 14:21:08,dunia ancam lapar fadli zon perintah harus prioritas tani bukan industri startup
347,2020/04/27 13:52:16,foto epik habib bahar sama jumlah napi tato
348,2020/04/27 13:45:34,kuasa eksekutif luar biasa besar fadli zon parlemen makin tidak relevan
349,2020/04/27 13:44:58,dunia ancam lapar fadli zon perintah harus prioritas tani bukan industri startup
350,2020/04/27 13:29:46,fadli zon harus semua daerah sama rata zona merah corona
351,2020/04/27 12:49:28,fadli zon mungkin niat baik tapi nama nasi anjing itu sangat tidak sensitif
352,2020/04/27 12:48:48,habib bahar bin smith punya banyak santri di penjara foto habib bahar dan napi bagi fadli zon
353,2020/04/27 12:47:26,bahar smith foto dengan para murid di lapas fadli zon ini epik
354,2020/04/27 12:41:35,selain sektor sehat perintah harus perhati sektor pangan
355,2020/04/27 12:25:39,selamat ulang tahun ke hkti hkti himpun rukun tani indonesia dirgahayu hkti tani makmur rakyat sejahtera
356,2020/04/27 12:22:42,ini sumbang saran yg ingin sampai hkti di ulang tahun yang ke dirgahayu hkti tani makmur rakyat sejahtera hkti dirgahayuhkti
357,2020/04/27 12:22:11,inti di tengah situasi krisis ini perintah harus laku pangan bagai hak dasar yg harus jamin penuh bukan bagai bisnis bagi para buru rente
358,2020/04/27 12:22:11,dan lima perintah harus bisa dorong bulog bumn atau bumd untuk ikut serap hasil produksi para tani dan distribusi kepada konsumen
359,2020/04/27 12:22:11,empat akses tani thdp pasar atau angkut produksi hasil produksi pangan harus jamin tidak halang oleh status psbb batas sosial skala besar hkti
360,2020/04/27 12:22:10,tiga jadi para buruh yang diphk dan kembali ke desa bagai tenaga kerja sektor tani lalu jumlah program padat karya yang biaya oleh negara misal lalu dana desa hkti
361,2020/04/27 12:22:10,dua cepat beri bantu sarana produksi seperti mesin tani bibit pupuk pakan ternak obat hewan dan sarana produksi lain hkti
362,2020/04/27 12:20:06,lantas apa yang harus laku oleh perintah turut hkti hkti ada bbrp hal yg harus segera laku pertama stop semua proses alih fungsi lahan tani produksi pangan adalah prioritas kita bukan yg lain
363,2020/04/27 12:20:06,perintah harus hitung benar dengan potensi ancam krisis pangan ini jika tidak antisipasi kita akan rasa dampak dalam empat bulan ke depan
364,2020/04/27 12:20:05,di sisi lain pasar beras dunia saat ini juga kian tipis dari total produksi beras dunia hanya persen saja yang dagang di pasar internasional sehingga jika ada masalah dengan produksi beras dalam negeri kita pasti akan alami krisis pangan
365,2020/04/27 12:20:05,sehingga pasok beras kira akan cukup hingga satu kuartal ke depan namun soal jadi lain jika kita hadap musim kemarau yang panjang stok kita jadi riskan
366,2020/04/27 12:20:04,begitu juga hal dengan beras bulan april dan mei ini kita masih akan tolong oleh musim panen di jumlah daerah saat ini ada titik kabupaten di indonesia yang sedang panen raya padi dan jagung
367,2020/04/27 12:20:04,inti jangan biar ternak jibaku sendiri hadap anjlok harga produk mereka perlu ada stimulus untuk para ternak
368,2020/04/27 12:17:28,misal dalam jangka pendek beri bantu cold storage atau buka akses pada industri olah produk turun seperti olah nugget atau frozen food lain sudah perintah tentu harus bisa turun harga pakan dan bibit
369,2020/04/27 12:17:28,sekali lagi jika kondisi ini biar natural kita tak akan bisa kontrol efek di masa datang perintah harus segera turun tangan bantu para ternak
370,2020/04/27 12:17:27,jangan lupa kita pernah alam pada dan silam harga telur misal pernah roket hingga ratus persen waktu itu suplai telur alami langka karena banyak ternak paksa potong ayam telur untuk tekan biaya akibat tinggi harga pakan
371,2020/04/27 12:17:27,meski saat ini jumlah produksi daging ayam masih cukup apalagi di tengah turun minta namun jika kondisi ini biar tanpa intervensi ke depan kita bisa hadap dua krisis sekaligus yaitu krisis daging ayam dan krisis telur
372,2020/04/27 12:15:32,sehingga daripada tanggung rugi lebih besar akibat harga terus turun sementara harga pakan terus naik banyak ternak akhir jual ayam di bawah harga produksi atau membagibagikan gratis sekali ayamayamnya
373,2020/04/27 12:15:32,salah satu sebab hancur harga ayam adalah tinggi biaya sarana produksi seperti naik harga bibit ayam doc serta lambung harga pakan
374,2020/04/27 12:15:32,di jawa tengah sy dapat lapor harga ayam di tingkat ternak lama beberapa pekan akhir ini hanya rp ribukilogram bahkan ada juga ternak yang paksa jual live bird atau ayam hidup rp ribu per ekor ini kan sangat prihatin
375,2020/04/27 12:15:31,ayam ras misal kita sudah lama ingat potensi masalah di sektor ini sejak harga daging ayam terus merosot sehingga rugi para ternak saat ini ongkos produksi ayam ras capai rp ribu per ekor sementara harga jual hanya sekitar rp ribukilogram
376,2020/04/27 12:15:31,kalau tidak antisipasi kita bisa hadap langka dan masalah produksi lain dalam beberapa bulan ke depan
377,2020/04/27 12:13:33,dalam catat hkti hkti tidak ada delapan jenis pangan yg harus jadi prioritas perhati perintah lama pandemi ini yaitu beras jagung kedelai bawang putih ayam ras telur ayam ras gula pasir dan minyak goreng
378,2020/04/27 12:13:33,pandemi ini telah buat para tani kita sulit mereka misal jadi sulit akses pasar untuk jual produk atau beli input butuh produksi
379,2020/04/27 12:13:32,perintah harus lihat tani nelayan ternak atau kebun pertamatama sbg laku ekonomi bukan hanya bagai obyek terima bantu sosial sehingga mereka bukan hanya perlu tolong dengan paket sembako tapi juga dengan baik iklim usaha tani hkti
380,2020/04/27 12:13:32,sedia pangan rakyat indonesia lama ini sokong oleh juta rumah tangga tani rtp mereka yang harus prioritas dapat bantu stimulus ekonomi bukan industri start up atau sektor tersier lain
381,2020/04/27 12:13:31,hadap ancam sebut maka selain sektor sehat prioritas program perintah mesti adalah selamat para laku sektor pangan seperti tani nelayan ternak atau kebun
382,2020/04/27 12:11:44,jadi sudah ribu nyawa layang akibat serang virus corona jauh ini ancam yang intai nyawa ikut adalah ancam lapar world food programme wfd bahkan sebut juta duduk dunia sedang ancam lapar bagai dampak dari pandemi covid
383,2020/04/27 12:11:44,industri olah makan misal pasti imbas oleh bijak karantina yg terap cara global
384,2020/04/27 12:11:43,cara global fao kira ganggu thd pasok pangan akan muncul mulai april ini ada karantina wilayah serta praktik social distancing akan beri kendala serius bagi sektor tani
385,2020/04/27 12:11:43,fao food and agriculture organization benar sudah ingat pandemi covid ini akan pengaruh aman pangan global pandemi buat sedia tenaga kerja serta rantai pasok pangan jadi hambat
386,2020/04/27 12:11:42,bagai ketua umum dpn hkti hkti himpun rukun tani indonesia saya ingin ingat perintah kalau kita sedang hadap dengan potensi krisis pangan akibat covid
387,2020/04/27 12:11:42,dengan kluster anggar macam itu kita belum lihat perintah prioritas sektor pangan bagai bagi penting dari tangan krisis padahal dengan ada pandemi ini sudah virus ancam besar ikut adalah soal sedia pangan hkti
388,2020/04/27 12:08:26,jadi stimulus untuk tangan covid benar hanya ro triliun bagaimana dengan sektor pangan
389,2020/04/27 12:08:25,di luar itu perintah jg anggar rp triliun untuk program lindung sosial social safety net dan rp triliun untuk insentif di sektor sehat sementara sisa besar rp triliun guna untuk insentif paja dan stimulus kur kredit usaha rakyat
390,2020/04/27 12:08:25,bagi besar dana itu atau sekitar rp triliun klaim akan guna untuk insentif biaya program pulih ekonomi nasional restrukturisasi kredit serta biaya umkm
391,2020/04/27 12:08:24,perintah telah alokasi tambah belanja besar rp triliun untuk tangan pandemi covid di dalam negeri
392,2020/04/27 12:08:23,nyata ketua umum dpn hkti hkti dalam rangka hut hkti ke selain sektor sehat perintah harus perhati para laku sektor pangan
393,2020/04/27 11:59:37,sehingga daripada tanggung rugi lebih besar akibat harga terus turun sementara harga pakan terus naik banyak ternak akhir jual ayam di bawah harga produksi atau membagibagikan gratis sekali ayamayamnya
394,2020/04/27 11:59:37,salah satu sebab hancur harga ayam adalah tinggi biaya sarana produksi seperti naik harga bibit ayam doc serta lambung harga pakan
395,2020/04/27 11:59:37,di jawa tengah saya dapat lapor harga ayam di tingkat ternak lama beberapa pekan akhir ini hanya rp ribukilogram bahkan ada juga ternak yang paksa jual live bird atau ayam hidup rp ribu per ekor ini kan sangat prihatin
396,2020/04/27 11:59:36,ayam ras misal kita sudah lama ingat potensi masalah di sektor ini sejak harga daging ayam terus merosot sehingga rugi para ternak saat ini ongkos produksi ayam ras capai rp ribu per ekor sementara harga jual hanya sekitar rp ribukilogram
397,2020/04/27 11:59:36,kalau tidak antisipasi kita bisa hadap langka dan masalah produksi lain dalam beberapa bulan ke depan hkti
398,2020/04/27 11:58:02,dalam catat hkti tidak ada delapan jenis pangan yg harus jadi prioritas perhati perintah lama pandemi ini yaitu beras jagung kedelai bawang putih ayam ras telur ayam ras gula pasir dan minyak goreng
399,2020/04/27 11:51:33,dengan kluster anggar macam itu kita belum lihat perintah prioritas sektor pangan bagai bagi penting dari tangan krisis padahal dengan ada pandemi ini sudah virus ancam besar ikut adalah soal sedia pangan
400,2020/04/27 11:51:33,jadi stimulus untuk tangan covid benar hanya rp triliun bagaimana dengan sektor pangan hkti
401,2020/04/27 11:51:32,di luar itu perintah jg anggar rp triliun untuk program lindung sosial social safety net dan rp triliun untuk insentif di sektor sehat sementara sisa besar rp triliun guna untuk insentif paja dan stimulus kur kredit usaha rakyat
402,2020/04/27 11:51:32,bagi besar dana itu atau sekitar rp triliun klaim akan guna untuk insentif biaya program pulih ekonomi nasional restrukturisasi kredit serta biaya umkm
403,2020/04/27 11:51:31,perintah telah alokasi tambah belanja besar rp triliun untuk tangan pandemi covid di dalam negeri
404,2020/04/27 11:22:21,ini foto epik habib bahar smith sama muridmuridnya di lapas cibinong bogor ambil dr photo booth lapas foto oleh salah orang napi
405,2020/04/27 10:31:17,fadli zon nama bantu dengan nasi anjing apakah ini canda atau sengaja
406,2020/04/27 09:02:46,fadli zon mungkin niat baik tapi nama nasi anjing itu sangat tidak sensitif
407,2020/04/27 01:41:38,mungkin niat baik mau bantu tp nama bantu dg nasi anjing ini sangat tdk sensitif anjing haram oleh umat islam yg kini ibadah di bulan suci apakah ini becanda atau sengaja alas apa sulit terima dg istilah nasi anjing itu
408,2020/04/27 01:21:26,proses emas nasi tomat ayam goreng oleh tim nasi kebuli yg bekerjasama dgn hilmi fpi alhamdulillah sdh rumah sakit antara wisma atlet dan tim ambulance dinkes yg rutin bagi stiap sahur bagi rs yg ingin daftar jgn sungkan hubung
409,2020/04/27 00:57:42,luar biasa turki langkah spt ini inspirasi seluruh rakyat n timbul percaya hadir negara lindung segenap tumpah darah sangat pancasilais warga tolak rs swedia turki jemput pakai jet ambul
410,2020/04/27 00:48:57,sabar bro geiszchalifah ini bulan puasa uji sabar kita dr bagai goda masuk goda syaitan
411,2020/04/26 23:34:58,bebas napi saat pandemi corona kini menteri yasonna gugat ke adil
412,2020/04/26 18:14:03,survei median anies baswedan paling tepat tangan covid
413,2020/04/26 16:26:57,perintah dan pertamina peras rakyat lewat bbm mahal
414,2020/04/26 16:07:17,wajah otoriter perintah jokowi
415,2020/04/26 11:21:21,belum tangkap ravio kirim pesan kepada anggota staf khusus presiden gracia josaphat jobel mambrasar ia tanya soal jumlah proyek perintah di papua dan malu yang garap usaha milik billypanggilan gracia mambrasar
416,2020/04/26 23:46:00,selain itu yg tekan pak hmsoeharto adalah imf mereka yg buat kondisi makin parah agar pak harto henti aku oleh managing director imf camdessus
417,2020/04/26 08:40:01,blunder lagi mahfud md ingat mui anda belum paham agama
418,2020/04/26 23:39:29,telah omnibus law tunda dpr harus kritisi perppu corona
419,2020/04/26 23:38:59,fadli zon logika ini bisa rusak demokrasi
420,2020/04/26 23:38:57,loyalitas pada rakyat itu salah satu sampai ada apa ada jangan sembunyi apalagi abs asal bapak senang sehingga bijak yg ambil akan tepat sasar hatur nuhun bupati bogor
421,2020/04/26 23:26:34,turut kenang wafat pahlawan nasional bapak didik indonesia ki hadjar dewantara april alfatihah lukis karya nasirun koleksi fadlizonlibrary
422,2020/04/26 21:51:48,fadli zon minta ridwan kamil ingat jokowi anak bangsa rakit ventilator murah untuk corona
423,2020/04/26 21:51:35,kuasa eksekutif luar biasa besar fadli zon parlemen makin tidak relevan
424,2020/04/26 15:06:15,fadli zon dorong dpr kritisi perppu corona
425,2020/04/26 15:05:54,fadli zon kita tak ingin nasib dengan negara yang gagal tangan covid
426,2020/04/26 15:04:42,fadli zon jokowi perlu baca nyata presiden tanzania
427,2020/04/26 06:51:33,presiden tanzania sebut syarat utang china hanya bisa terima oleh pria mabuk
428,2020/04/26 13:43:05,dia ilmuwanscientist dulu belum jadi chancellor jerman dia memgamalkan ilmu saat buat bijak makanya hasil kemenkesri kerja yang harus turut ilmu kedokterankesehatan masyarakat dengar scientists bukan politis
429,2020/04/26 08:17:32,bikin ngakak warganet nyata stafsus presiden milenial ini kalengkaleng
430,2020/04/26 13:29:57,lets make history mari kita buat sejarah
431,2020/04/25 22:38:48,stafsus tidak cukup mundur haris azhar harus usut siapa di belakang belva devara
432,2020/04/25 22:35:15,kenapa orba lebih pihak krn dulu banyak bijak utk mrk kredit bank wajib sektor umkm koperasi kik kredit investasi kecil kmkp modal krj permanen kut usaha tani kck candak kulak kkpa aggt koperasi primer kupedes simpedes jalan baik
433,2020/04/26 09:20:15,klaster ketenagakerjaan tunda fadli zon dpr harus kritisi perppu corona
434,2020/04/26 09:20:05,ruu cipta kerja tunda fadli zon dpr harus kritisi perppu corona
435,2020/04/26 02:24:45,kang ridwankamil sdh telpon p jokowi bhw kita bisa buat sendiri ventilator
436,2020/04/25 09:24:36,tetap kuat saudara jangan goyah sedikit ada dzatnya yang jaga garishidupmu rt ya fadlizon vascoruseimy dahnilanzar sandiuno andyrwijaya andrerosiade
437,2020/04/26 02:09:50,turut duka cita dalam smg almh reno tri palupi husnul khotimah alfatihah terima kasih pahlawan medis selamat jalan
438,2020/04/26 02:07:33,pak jokowi perlu baca nyata presiden tanzania ini agar kita tak gadai tanah air cinta pd negeri mana atas nama investasi kedok imperialisme ekonomi presiden tanzania sebut syarat utang china hanya bisa terima
439,2020/04/25 10:19:57,faisal basri sentil tangan corona komandan luhut atau siapa
440,2020/04/25 15:52:33,apa yang kamu tanam itu yang kamu tuai tanam adalah giat yang tampak sepele tapi di era covid apa tidak bisa jadi solusi dari bagi butuh pangan saya dan anak buat video ttg ini sila lihat moga bisa jadi inspirasi
441,2020/04/26 01:59:13,vietnam ini memang negara hebat n perintah serius lindung rakyat n negara tempa perang n selalu menang pernah menang lawan cina lumpuh perancis n malu amerika resep vietnam hasil buka lockdown tanpa kasus tinggal
442,2020/04/25 10:35:51,ketua yayasan lembaga bantu hukum indonesia asfinawati kata ada jumlah pola yang perintah pakai dalam bungkam kritik masyarakat
443,2020/04/26 01:31:19,harga bbm tetap tinggi imbas bijak akalakalan via radarbogorid
444,2020/04/26 01:27:48,tekateki moeldoko datang fadli zon nyata soal
445,2020/04/26 01:17:39,a new normal mungkin suatu zaman baru atau tatanan baru pasca pandemi global covid
446,2020/04/26 01:13:48,jangan pernah tinggal atau lupa pd sejarah kalau tinggal sejarah bisa saja lupa nanti oleh sejarah gitu ya bang ramlirizal
447,2020/04/25 23:50:44,fadli zon sudah omnibus law tunda dpr harus kritisi perppu corona
448,2020/04/25 23:49:50,telah omnibus law tunda fadli saran dpr kritisi perppu corona
449,2020/04/25 22:17:03,fadli zon kalau perlu ruu ciptaker cabut dulu fokus tangan corona
450,2020/04/25 21:37:06,fadli zon sebut putus bahas klaster ketenagakerjaan tunda adalah langkah tepat
451,2020/04/25 20:32:52,fadli zon sambut baik tunda bahas klaster ketenagakerjaan ruu cipta kerja langkah tepat
452,2020/04/25 20:32:43,kali ini fadli zon sehat dengan jokowi yang tunda bahas klaster ketenagakerjaan ruu ciptakerja
453,2020/04/25 20:32:30,fadli zon minta rencana pindah ibu kota batal anggar fokus tangan covid
454,2020/04/25 18:12:24,bikin twit mention jokowi fadli zon tegas tak ada urgensi ibu kota baru ri di masa pandemi
455,2020/04/25 17:47:19,serta alokasi anggar tangan covid yang nilai lebih dari rp triliun itu jauh lebih urgen laku oleh dprri daripada bahas omnibus law
456,2020/04/25 17:47:18,banyak materi dlm perppu tsb yg harus kritisi oleh dprri sprti lebar defisit hingga persen yg scr pihak putus oleh perintah rencana utang baru hingga lebih dari ribu triliun hingga akhir tahun ini
457,2020/04/25 17:44:52,saat ini dprri harus fokus kaji dan perhati perppu no ttg bijak uang negara dan stabilitas sistem uang untuk tangan pandemi covid perppu tsb juga dapat banyak sorot dan bahkan tengah dalam proses gugat di mahkamah konstitusi
458,2020/04/25 17:44:51,itu sebab saya bisa paham kenapa ruu ini tolak oleh bagai elemen masyarakat sebab ada tendensi otoritarianisme di belakang kuasa eksekutif jadi sangat luar biasa besar di mana parlemen sekadar jadi cap stempel saja parlemen makin tidak relevan
459,2020/04/25 17:44:51,hak dprri makin reduksi oleh eksekutif sementara di sisi lain kuasa presiden jadi demikian besar sekali tidak ada lagi trias politika jika buah ruu bisa rabas undangundang sekaligus logika ini bisa rusak demokrasi
460,2020/04/25 17:44:51,jadi di luar isu ketenagakerjaan yang belumbelum sudah tolak oleh kaum buruh ruu omnibus law ini perlu timbang kembali oleh semua anggota parlemen karena buat wenang dprri bagai bentuk undangundang jadi degradasi
461,2020/04/25 17:44:50,misal omnibus law ketenagakerjaan isi ya hanya batas atur soal ketenagakerjaan tidak ubah norma undangundang pers undangundang siar atau undangundang lain yg tak serum
462,2020/04/25 17:44:50,padahal jauh yg sy ajar omnibus law di negara lain paling banyak ubah hingga undangundang saja itu yg materi serum
463,2020/04/25 17:38:25,selain itu ini yg paling dasar ruu macam ini potensial bahaya demokrasi bayang dengan satu ruu omnibus law perintah bisa ubah undangundang lintas sektoral sekaligus
464,2020/04/25 17:38:25,sehingga jika tuju ruu cipta kerja ini memang benarbenar untuk lancar investasi maka mesti yg prioritas perintah sbg usul adalah kuat agenda berantas korupsi bukan justru lemah regulasi ketenagakerjaan itu baru satu isu
465,2020/04/25 17:38:24,padahal turut kaji world economic forum wef pada faktor utama hambat investasi di indonesia adalah korupsi bukan isu ketenagakerjaan
466,2020/04/25 17:38:24,di satu sisi perintah sering dalih jika ruu ini penting untuk datang investasi namun di sisi lain norma yang banyak ubah justru kena atur ketenagakerjaan
467,2020/04/25 17:38:23,sejak awal kita tak lihat ruu ini penting untuk prioritas apalagi ruu ini milik banyak sekali catat misal antara diagnosa masalah dengan resep yang susun tidak sinkron
468,2020/04/25 17:36:40,itu sebab bahas omnibus law memang baik tunda atau bahkan lanjut tarik kembali oleh perintah untuk hindar ekses reaksi sosial yg akan sulit kita di masa datang
469,2020/04/25 17:36:40,dpr dan perintah harus bijak ambil putus fokus kita mesti pada bagaimana selamat anak bangsa dari ancam pandemi covid
470,2020/04/25 17:36:39,saat ini fokus perintah dan dprri mesti tuju pada insiatifinisiatif cepat tangan pandemi covid kita tak ingin nasib seperti negaranegara yg gagal tangan soal ini dengan benar sehingga jumlah korban sangat banyak
471,2020/04/25 17:36:39,ruu itu bukan isu desak yg harus selesai perintah dan dpr
472,2020/04/25 17:36:38,bagaimana tunda bahas ruu cipta kerja memang sudah harus laku di tengah situasi krisis dan darurat nasional covid bahas omnibus law yg sejak awal tolak keras oleh bagai elemen masyarakat tsb sangat tak bijak
473,2020/04/25 17:34:38,ini tentu sangat khawatir karena bisa rusak bijak isolasi dan social distancing yang tengah terap untuk putus rantai sebar wabah walaupun saya juga dengar aksi massa sebut akan perhati jarak fisik para serta
474,2020/04/25 17:34:37,belum tunda itu umum kita dengar kaum buruh ancam akan laku aksi massa libat ribu orang jika bahas omnibus law ini terus oleh perintah dan dprri
475,2020/04/25 17:34:36,meski tunda ini masih jauh dari tuntut publik yang ingin ruu tsb tarik kembali namun tidak tunda sebut tak kian keruh suasana lockdown yg sedang langsung di tengah masyarakat
476,2020/04/25 17:34:36,kemarin jumat april presiden jokowi akhir tunda bahas klaster ketenagakerjaan dalam ruu cipta kerja
477,2020/04/25 17:34:36,sudah omnibus law tunda dprri harus kritisi perppu corona a thread
478,2020/04/25 16:13:08,tekateki moeldoko datang fadli zon nyata soal
479,2020/04/25 13:14:58,dalam menit detik pak ustadz ini jelas banyak hal penting kait fatwa shalat jumat tarawih jamaah di masjid saat covid saya tambah teks biar mudah paham silah download dan share
480,2020/04/25 09:57:05,haris azhar tidak cukup mundur harus usut siapa di belakang belva devara
481,2020/04/25 08:04:02,kasus ravio patra polisi duga akses data pribadi tanpa izin
482,2020/04/25 11:19:29,proyek ibukota baru sdh harus tunda batal tak ada urgensi dlm situasi skrg anggar fokus utk tangan covid jokowi
483,2020/04/25 11:13:12,fadli zon sambut baik tunda bahas klaster ketenagakerjaan ruu cipta kerja langkah tepat
484,2020/04/25 11:13:03,bahas tunda fadli zon kalau perlu ruu cipta kerja cabut saja dulu
485,2020/04/25 11:12:51,bahas ruu cipta kerja tunda fadli zon bila perlu cabut dulu
486,2020/04/25 02:13:28,dari diskusi kemarin siang dg seorg profesor palestina ia ingat penting kombinasi kuasa power n tahu knowledge bayang kalau punya power tanpa knowledge kira apa akibat
487,2020/04/24 07:08:55,bandara soetta tutup untuk umum hingga juni
488,2020/04/25 01:38:07,banyak masalah
489,2020/04/24 22:51:58,pak presiden yg masalah bukan hanya klaster ketenagakerjaan manja usaha batu bara juga tak patut belum lagi proses yang aneh demikian juga argumen untuk dongkrak investasi jokowi tunda bahas klaster ketenagakerjaan ruu cipta kerja
490,2020/04/25 01:24:18,buka puasa hari pertama ke rumah ibu
491,2020/04/24 22:57:14,terima kasih korea selatan
492,2020/04/24 22:35:44,amin yra
493,2020/04/24 21:32:42,civility is not a sign of weakness john f kennedy
494,2020/04/24 19:56:06,
495,2020/04/24 19:14:15,nah ini baru langkah yg tepat kalau perlu ruu cipta kerja ini cabut saja dulu fokus hadap covid
496,2020/04/24 18:48:26,selamat jalan ibadah puasa bagi umat islam di seluruh indonesia mudahmudahan kita beri segala mudah sehat di tengah pandemi covid ini mari kita tetap jaga jarak tetap di rumah tidak mudik gotong royong sama seluruh masyarakat di indonesia
497,2020/04/24 18:36:30,diskusi virtual dgn prof abd alfattah elawaisi diri isra islamic jerusalem research academy guru besar studi baitul maqdis hub internasional di asb ankara sosyal bilimler niversitesi
498,2020/04/24 15:21:19,kakak soe hok gie tinggal dunia fadli zon selamat jalan pikir tajam
