no,date,tweet
1,2020/05/10 10:02:34,masa depan indonesia
2,2020/05/10 09:57:59,masa depan indonesia
3,2020/05/10 07:36:16,lebih tajam di antara negara yang paling sukses atas wabah covid
4,2020/05/10 07:12:52,di antara negara yang paling sukses atas wabah covid
5,2020/05/10 06:12:39,turut anda siapa yang salah dalam kasus pandemi global covid
6,2020/05/10 00:08:03,sambut hari ke ramadhan malam al quran turun bunda nenowrs sama keluarga nyanyi buah syair indah tulis oleh emha ainun najib dan aransemen oleh sapto raharjo tahun silam jangan lupa like share dan subscribe
7,2020/05/09 22:26:39,jangan padam kawan cahaya seperti indah purnama malam ini aku tahu ada kepahitantelanlah sama senyum kau bagi tak tergantikankau adalah masa depanjangan mundur jangan terkuncijangan mau kalah hanya allah tuju harikeenambelas
8,2020/05/09 21:56:23,harikeenambelas optimisme itu datang dari dalam hatimumaka apabila ia cahaya dan terang ia akan datang bawa kabar gembira pada diri sendiriapapun situasi di luar
9,2020/05/09 08:41:38,wanted covid bin corona
10,2020/05/09 08:38:54,khilafah covidiah
11,2020/05/09 06:09:43,kalau kita tahu banyak bom waktu mari kita doa moga gak ledak
12,2020/05/09 05:56:54,ramadhan adalah bulan solidaritaskita harus lawan hendak untuk buat kita sepi dan sendiri waspadacovid yang buat kita jaga jarak lalu seret kita pada sikap sepi dan sembunyitetap bahagia dan tetap gembira kawan staysafe stayhealthy
13,2020/05/09 05:46:23,di negara barat orang mulai bahas mungkin akan tingkat angka bunuh dirijadi orang justru dorong untuk peduli sama telah social distancing anggap buat orang jadi tidak peduli sesamamulai muncul asa sepi dan frustrasi waspadacovid
14,2020/05/09 00:36:01,kenapa bapak tidak umum corona bagai musuh sama
15,2020/05/09 00:06:42,kalau bapak dua gak bisa cari musuh besama nanti bapak dua jadi musuh sama lo
16,2020/05/09 00:01:13,pak jokowi dan pak prabowo yuk kita cari musuh sama yuk
17,2020/05/08 23:59:18,tim dan masih antem padahal bulan puasa dan ada coronadan para jagon sudah piring dua
18,2020/05/08 08:12:26,apa kabar pak kyai moga sehat selalu jangan lupa jaga sehat bangsa ini masih tunggu jumatberkah ramadanmubarak
19,2020/05/07 19:31:06,turut duka cita moga allah swt terima segala amal dan ampun segala salah
20,2020/05/07 16:59:17,gara corona aku jadi suka mampir di channel atta ricis dan mpok nur
21,2020/05/07 15:31:10,baru saja selesai zakatinofficial talk iklan dan aktual beda
22,2020/05/07 00:20:57,hariketigabelas yang penting apa sih
23,2020/05/05 23:41:37,innalilahiwainailaihirojiun sama seluruh sahabat partaigeloraid saya ucap belasungkawa yg dalam atas pergi almarhum kempot moga allah swt letak minakhlulkhair dan kita yg tinggal beri sabar amin yra
24,2020/05/05 16:37:53,sekolah alam naturislam sekarang kan sekolah wfh jadi karena gak kasi makan murid maka dapur kita buka layan pesan umum silah kontak cp ibu aulia fitriani media sosial ig naturislamid fb sekolah natur islam
25,2020/05/05 07:51:42,harikeduabelas apa kabar pak prabowo dan pak jokowi masih aman kan bapakkabari ya kalau ada apaapa ramadanmubarak jagastamina
26,2020/05/04 01:51:32,harikesebelas baru saja ambil gambar ini dari depan masjid depan rumah indah luar biasa tuju maghfirah
27,2020/05/03 20:51:10,harikesepuluh ingat haripendidikannasional persis tepat dengan ramadanbulanpendidikan syahruttarbiyah apa makna dan hubung dengan merdeka simak video ikut
28,2020/05/03 13:00:54,harikesepuluh satu fase rahmat akan lewat tuju mahfirah ramadanmulia
29,2020/05/02 22:39:18,sambil raya dan ucap selamat haripendidikannasional saya tadi ikut conference dengan guru di sekolahalamnaturislam evaluasi kembang proses ajar ajar lama wfh ucap lengkap saya ada di channel fahrihamzahofficial
30,2020/05/02 22:00:16,iklan like subscribe jangan ketawa ya kawan kalau di channel youtube fahrihamzahofficial sekarang ada video gin coba deh
31,2020/05/02 19:19:11,harikesembilan tadi ada diskusi
32,2020/05/02 18:23:05,kemarin saya sampai selamat hariburuhsedunia
33,2020/05/02 16:13:18,prediksi resesi ekonomi pasca pandemi akan reformasi ulang
34,2020/05/01 05:39:49,simak
35,2020/05/01 05:26:33,
36,2020/04/30 20:53:48,habis taraweh boleh dagang lagi kan kopirevolusi jangan lupa
37,2020/04/30 10:06:09,apa isi ini dia terima kasih ya kawan atas dukung dan partisipasi
38,2020/04/30 09:19:46,manteman ada berita gembira nih dari youtube untuk channel fahrihamzahofficial kita buka yuk
39,2020/04/30 06:15:51,ayo yang di bal
40,2020/04/30 06:11:23,ayo yang lain mana bisnis
41,2020/04/30 05:16:00,hariketujuh arti umrah juga boleh lagi
42,2020/04/30 05:02:17,hariketujuh dari virus mesin ke virus manusia
43,2020/04/29 22:25:53,ada yang bisa bantu saya untuk paham bisnis milenial di sekitar istana ini ya siapa tahu memang hebatmemang layak dapat proyek negarasiapa tau
44,2020/04/29 22:00:44,kalau kalian dapat percaya dari orang lugutetaplah kalian tidak boleh tipu hariketujuh jelang
45,2020/04/29 16:11:56,wabah sebar indonesiar ambyar
46,2020/04/29 16:06:13,ngajol pol bareng bang fahri hamzah wabah sebar indonesia ambyar rabu april wib live on zoom youtube channel gelora jatim youtube channel
47,2020/04/29 06:56:45,harikeenam tetap semangat ya
48,2020/04/28 05:24:41,harikelima duh sudah hari ke
49,2020/04/28 01:44:22,harikeempat kata corona ini telah selamat bumi dan manusia dgn henti polusi udara memang foto yg kirim satelit nasa belakang ini tunjuk bumi makin bersih dari polusi paru manusia kian sehat covid dan ramadan sehat kita kata
50,2020/04/27 00:32:04,hariketiga trump suntik desinfektan kim jong un gagal operasi
51,2020/04/25 23:07:40,harikedua tema ramadanmubarak belum bisa kalah tema covid apakah ketika syawal nanti kita raya harikemenangan iedulfitri kita juga bisa menang dari corona apakah kita akan kumpul di tanah lapang dengan takbir dan tahmid atau lagi dirumahaja
52,2020/04/24 11:46:51,haripertama kawan covid dan ramadanmubarak punya satu sama aja untuk kembali pada diri sendiri selamat laksana ibadah ramadhan jumatberkah
53,2020/04/23 18:28:55,dalam suasana jagajarak dan pakaimasker tadi sore saya waketum tum anismatta bendum dan sekjen mahfudzsiddiq partaigeloraid ucap selamat laksana ibadah malam pertama ramadan moga amal kita terima amin yra
54,2020/04/23 07:25:38,krisis ini bukan waktu untuk minta baik sangka rakyat rakyat lagi susah tapi ini waktu untuk mulai tradisi buka dan buka nanti agar kita saling tahu kurang dan lebih ini awal sama dan bangun solidaritas bangsa gelombangsolidaritas
55,2020/04/23 07:17:09,dalam demokrasi lebih baik bohong yang buka daripada orang jujur yang tutup sebab bohong yang buka bikin siaga tapi orang jujur yang tutup buat kita lalai bentuk buruk adalah bohong yang tutup bentuk baik adalah orang jujur yang buka
56,2020/04/23 07:11:19,kita tlh pilih jadi negara demokrasi dgn ingin berantas semua takhayul dan khurafat di sekitar pimpin bahwa mereka manusia biasa seperti kita mungkin saja lebih lemah tak mengapa asal dia jujur buka dan apa ada maka kita akan bantu kuat tenaga
57,2020/04/23 07:06:11,tarik ambil contoh trump tiap hari debat dengan wartawan yang kadang ban omong dengan data dan dia pojok data ban tapi amerika maju tanpa misteri tapi kimjongun jarang muncul dan tiba dia kabar sakit keras korut cekam
58,2020/04/23 07:00:20,dalam krisis seperti ini pimpin harus sering dengar dan buka cakap apa ada sebab ada getir yang tak dengar bukan pimpin yang baik yang tampil hanya sekal dan kata percaya kami telah buat untuk rakyat di hati kami hanya rakyat
59,2020/04/23 06:55:51,asa asing di telinga saya jika ada orang hebat hendak baik sangka terusmenerus padahal nyata telah ubah dan tak ada yang nama baik sangka jika percakapn belangsung satu arah baik sangka adalah akibat dari gemar kata jujur di hadap rakyat yg tanya
60,2020/04/23 06:52:20,puncak dari santun adalah cermin pada benar pada ucap bukan pada bahasa tubuh dan main kata untuk putar balik fakta jika jujur jadi sulit kata di hadap kuasa maka saat itu ronta kata perlu
61,2020/04/23 06:43:13,kerja ecek benar omong pimpin adalah kerja yang paling penting dalam demokrasimisalnya mereka kata percaya bahwa kami kerja untuk rakyat tetap rupa nyata yang harus periksa sebab semua tiran juga nyata hal yang sama
62,2020/04/22 22:02:27,how are you kimjungun
63,2020/04/22 20:17:57,ceramah tarhibramadhanonline pak anismatta malam ini luar biasa silah simak
64,2020/04/22 15:09:50,teman khusus yg muslim besok kita sudah mulai sholat tarawih nanti malam partaigeloraid ada tarhibramadhanonline sama tum anismatta buka untuk umum sampai ketemu malam ini jam wib di link dan
65,2020/04/22 11:11:26,dapat kirim video dari teman partaigeloraid papua keren deh
66,2020/04/21 09:55:29,the more you talk the more you make mistakes and i can understand why there are people who dont like to talk
67,2020/04/21 09:50:50,nampaknya as akan punya presiden baru ya
68,2020/04/21 00:08:09,jaya adalah milik mu ya allah kau ikan kepada siapa yang kau hendak dan kau timpa malapetaka dan hancur kepada siapa pun yang kau hendak maka ampun kami ya allah beri kami waktu untuk taubat amin marhabanyaramadhan
69,2020/04/20 23:06:49,dalam nostalgia ada tenaga yang belum bangkit ada cinta yang masih dekam dalam penjara ada kuat yang sembunyi tapi ada angkara murka tapi ada benci hati yang tidak bening niat yang jahat pikir yang licik dan kata yang dusta siapa yg jaya
70,2020/04/20 22:54:23,tiba aku nostalgia kenang lagu cinta dan rindu semerbak tawa generasi yang penuh manja dan kita jadi lemah rasa takut hampir jiwa yang goyahmenjemput kematianterbakarhangus dan mati tiba aku nostalgia masa depan yang kejam
71,2020/04/20 21:21:35,kalau kita percaya ini krisis maka kita perlu manajemen krisisdan tentu pimpin krisis pada semua lini darijubircorona
72,2020/04/20 17:54:43,azan magrib duaharijelangramadan mohon maaf lahir bathin
73,2020/04/19 20:07:58,ikut juga diakusi live zoom tentang politic decision making process tangan covid di akun fb dan youtube saya dirumahajaya
74,2020/04/19 20:01:53,politic decision making tangan covid
75,2020/04/19 19:12:16,ini youtube nya
76,2020/04/19 18:40:06,yuk hadir
77,2020/04/19 08:38:44,kan ada menhan
78,2020/04/19 05:30:55,ayo warga jakarta follow wagub dki yg baru kinijakartapunyawagub
79,2020/04/19 00:10:12,situasi kita ini
80,2020/04/18 07:33:17,jauh ini tangan covid oleh perintah
81,2020/04/17 23:59:58,dalam situasi ini turut anda apa yang lebih butuh rakyat dari perintah
82,2020/04/17 20:36:08,tuju atau tidak jika ramadhan besok semua lockdown buka aja
83,2020/04/17 18:26:50,jelangramadhan
84,2020/04/17 17:56:40,selamat datang
85,2020/04/17 17:55:50,beli
86,2020/04/17 14:22:04,turut anda opsi mana yang lebih baik bagi rumah ibadah tempat kita sembah tuhan
87,2020/04/17 12:33:04,tadi yang biasa jumat pergi jumat gak jumatberkah
88,2020/04/17 05:38:08,masker dasar warna partai tapi apa boleh sumpah dengan mulut dan wajah tutup ya ayawae
89,2020/04/16 09:31:46,simbol ini nasib mu kini tetapdirumah
90,2020/04/16 07:11:29,bangun tidur kopi kental sebut expresso pagi lagi kopi hitam sebut americano siang kopi susu sebut capuccino sore kopi susu tambah busa sebut macchiato malam kopi tambah banyak susu sebut latte apa lagi
91,2020/04/15 16:23:20,doa ibu ya
92,2020/04/15 14:10:04,sekali lagi mari gaung bebas untuk orang anak bangsa yang berani dan jasa hadap gelombang wabah di masa lalu bebaskansitifadilah demi mandiri indonesia di tengah wabah global yang makin ganas saveindonesia
93,2020/04/15 14:08:11,jangan sampai gajah antem kita kena injak pak jokowi bagus biar mereka rantam dan jadi lemah supaya adil global bisa cipta paling tidak biar mereka sadar bahwa mereka gak bisa hidup sendiri dengan pakai lembaga mulitilateral bebaskansitifadilah
94,2020/04/15 14:06:19,dengan bebaskansitifadilah maka presiden jokowi akan punya sempat untuk dengar sisi lain dari catur global kait covid ini agar bangsa indonesia tidak jadi korban tarung yang kita tidak erti justru kita harus ambil sempat sekarang
95,2020/04/15 14:03:51,saya tau lobby yang ingin sumbat mulut beliau kuat sekali bahkan akhir saya dengar beliau tidak dapat ringan karena tuduh dekat dengan kelompok radikal dan teroris moga pak jokowi dengar apa yg benar bebaskansitifadilah adalah suatu yg benar
96,2020/04/15 14:01:30,harus tidak ada hambat bagi perintah pak jokowi untuk bebaskansitifadilah karena aniaya kepada beliau tidak dalam masa rezim ini justru beliau harus curiga mengapa ada kelompok yang penting betul untuk urung perempuan umur tahun
97,2020/04/15 13:28:14,presiden as mau henti bantu biaya ke who karena anggap main mata dengan china maka ini saat presiden jokowi bebas prof siti fadilah akan makin jelas bahwa beliau penjara karena lawan para raksasa mumpung mrk lagi antem bebaskansitifadilah
98,2020/04/14 21:23:37,salam semua
99,2020/04/14 09:23:02,cocok
100,2020/04/14 07:27:39,media di amerika soal kembali karena presiden trump anggap remeh covid ini sejak awal
101,2020/04/13 14:18:31,sair maestro
102,2020/04/13 12:10:59,tepat sih tahan sabar meski sudah gak kuat tetap tahan sabar ngerti nggak lu sabar
103,2020/04/13 12:04:37,sabar ya orang sumbawa bilang kareng sabar ade tu bentan arti tinggal sabar yang kita jinjing maksud ya sabarmemang ada kita gin
104,2020/04/12 16:08:54,yuk bantu beli untuk beri berbagisesama
105,2020/04/12 07:34:02,wfh adalah
106,2020/04/12 07:07:38,belum cair
107,2020/04/12 07:03:12,assalamualaikum lapor pagi cappucino tinggal tengah apakabar dunia luar sana sehat selalu dan tetap bahagia socmed untuk bagi cerita positifjangan tambah sedih dan putus asa
108,2020/04/11 23:48:46,pause
109,2020/04/11 20:31:13,kata ada ledak keras jabodetabek yang infobmkg aja gak bisa jelas ada yang tau
110,2020/04/10 23:04:01,ayo belum tidur kita minta ibu prof dr siti fadilah supari bebas tandatangan petisi ya bebaskansfs
111,2020/04/10 20:11:01,pandemi covid kita mau ngapain
112,2020/04/10 20:08:13,covid kita mau ngapain
113,2020/04/10 18:09:00,terima kasih emak moga allah swt balas semua baik savetenagamedis
114,2020/04/10 15:57:53,enak sekali rasa
115,2020/04/10 11:23:49,insya allah malam nanti jam wib ngobrolbarengfahri via live youtube kita ngobrol soal pandemi covid sama bang fahrihamzah jangan lupa ya nanti malam link youtube ada sini
116,2020/04/10 09:28:13,terima kasih kepada yang komentar saya tambah kurus tetapsehat
117,2020/04/10 09:12:19,belum atlet nih gaes tapi tetap olahraga yg penting sehat stayhealthy stayathome mulaidaridiri
118,2020/04/10 00:01:05,
119,2020/04/09 15:48:19,dirgahayu tni angkat udara ke jaya tni au swa bhuwana paksa sayap tanah air jelajah angkasa jaga daulat negara satu republik indonesia huttniau tniau
120,2020/04/09 00:15:08,bukankah iman adalah cara kita lawan darijubircorona
121,2020/04/09 00:07:23,hei orangorang yang kata jago tunjuk diri darijubircorona
122,2020/04/08 22:17:14,kenang di bulan februari sy dan bro fahrihamzah hadir sbg undang di acara talkshow drtompi dan glennfredly di narasitv kami ngobrol n diskusi banyak hal sy turut duka cita sedalamdalamnya atas pergi glennfredly nyanyi hebat
123,2020/04/08 21:42:05,saya fadlizon drtompi dan mendiang glenfredly foto dengan gaya action sekitar maret kami bicara seru di narasitv atas undang najwashihab sang milik hari ini kita dengar glen pergi siapa yang tak luka selamat jalan glen
124,2020/04/08 20:56:21,makasih
125,2020/04/07 22:13:00,ayo sahabat jangan biar diri hantu rasa takutjangan sedih jangan lemah jangan rasa ruang hidup ini sempit janganmenyerah
126,2020/04/07 21:52:03,hidup ini beri kalau hidup kita ambil selain kita tidak punya cara untuk menolakkita juga tidak punya haktetapi jalan hidup dengan rasa takut adalah sifat kecut jalan hidup dengan gagah berani karena ia adalah beri baik janganmenyerah
127,2020/04/07 21:14:09,hidup positif pikir positif rupa sumber daya tahan hidup janganmenyerah
128,2020/04/07 13:51:44,sementara kita kunci dalam rumah matahari terang sekali sejak pagiharusnya covid sudah mati di luar sanasisanya yg ada di tubuh kitabagaimana di tempat sahabat
129,2020/04/06 17:45:02,selamat kepada pak a riza patria bagai wagub dki yang baru
130,2020/04/06 16:48:50,hari senin ya
131,2020/04/06 06:36:48,gimana
132,2020/04/06 06:29:38,ayo ikut polling tarik iniinternetgratis
133,2020/04/05 21:54:56,selamat rapat jagajarakjanganbandel
134,2020/04/05 20:13:03,nonton belum tidur besok senin ke
135,2020/04/05 13:50:55,innalillahi wainna ilaihi roji un tadi pagi kita hilang orang guru alm dr ahzami samiun jazuli beliau adalah orang ulama tafsir yang sederhana dan sahaja bagai orang yg kenal dekat saya saksi bahwa beliau adalah orang baik min ahlul khair
136,2020/04/04 23:05:38,dengar mati orang dr garis depan aku ajak kita doa untuk selamat wahai orang yang dekat resiko mati siang dan malam wahai para pahlawan kami doa moga allah tuhan yang kuasa lindung jiwa raga kalian amin yra savetenagamedis
137,2020/04/04 18:58:13,mari kita dengar hebat bang haji
138,2020/04/04 18:34:00,ada berita lagi dari corona
139,2020/04/04 12:00:49,putar ulang kembali ya
140,2020/04/04 11:43:23,aku baru dengar dari coronaternyata ada satu kata yang paling mereka benci adalah cinta dan kata yang paling mereka suka adalah benci suaracorona
141,2020/04/03 21:15:25,selamat nikmat indonesiapusaka indonesiabisa indonesiabangkit
142,2020/04/03 20:06:32,luncur video clip indonesia pusaka
143,2020/04/03 20:04:20,luncur video clip indonesia pusaka
144,2020/04/03 18:31:16,habis sholat isya nanti saya sama pak fadlizon dan bunda nenowrs ajak kita nyanyi kembali indonesiapusaka yuk ikutanindonesiabangkit
145,2020/04/03 16:56:45,hahahaha
146,2020/04/03 16:23:02,sahabat ukmindonesia banyak yg ingatin saya hati banyak tipu barang haram dll tolong jujur aja kalau mau nipu biar yg mau tipu juga ikhlas makan yg gak cocok bagi semua orang misal kandung unsur haram tolong juga jujur ya kita semua lagi susah
147,2020/04/03 15:20:07,disclaimer saya hanya bantu ukm dalam promosi produk mereka di tengah wabah yg ancam usaha kecil kita saya belum pernah coba silah langsung hubung dengan ukm yg saya rt terima kasih makin rt makin lapar saya
148,2020/04/03 15:14:27,nahhhh senang saya pa begini nih bagus pa fahrihamzah usaha konveksi saya sdg lesu pa saya nitip pa jahit kaos saya ngisi waktu bikin masker non medic uang hasil jual buat jahit sendiri bahan kain kaos harga rblusin hari ini ready lusin lusin
149,2020/04/03 15:08:19,numpang jual bang kami umkm aseli boyolali produksi abon sapi ayam non msg dengan bagai pilih kualitas dengan masa exp th jamin halal bisa kirim untuk mesan silah hubung pipit nita
150,2020/04/03 14:59:37,fahrihamzah bang numpang promosi tas tote bag info
151,2020/04/03 14:59:21,izin jual masker bang fahri wa
152,2020/04/03 14:53:00,new version speaker quran maghfirah total unggul total qori total kaji islam total ustadz populer info mesan wa
153,2020/04/03 14:03:00,paru pedas ceu ati dr bdg cuman rb rasa pedas mercon original hp tks bang fahrihamzah
154,2020/04/03 14:00:12,titip promo bang jasa website profesional terima buat website usaha toko online dll kunjung website
155,2020/04/03 13:59:07,mohon bantu donasi aja pak
156,2020/04/03 13:51:19,buku questparenting pola asuh anak bas identitas harga ribu pesan via wa terima kasih pak
157,2020/04/03 13:45:50,bang nitip lapak ya di jogja jual dimsum mentai semenjak ada corona bnrn sepi bgt padahal ini jamin enak dan sedia di gofood jg lho matur nuwun
158,2020/04/03 10:54:54,garagara ini bu siti fadilah supari di
159,2020/04/03 10:53:11,empon empon kuat daya tahan tubuh tengah badai wabah coronahome made yang bikin tetangga saya bang beli lusin dapat potong harga khusus
160,2020/04/03 10:52:19,ikut promo pak konveksi di majenang cilacap masker kain lembar klusin lembar k lusin bisa pesancustom jumatberkah juga kunjung link kami
161,2020/04/03 06:44:51,rt session pertama udah dulu ya majuterusukm
162,2020/04/03 06:12:18,bang fahri sy engineer konstruksi biasa desain struktur bangun mohon dbantu dong
163,2020/04/03 06:24:22,labiba hijab collection toko online gamis syar lebih banyak model cek ig labibahijabcollection wa
164,2020/04/03 06:37:03,nitip ya bang tas handmade jogja jamin antipasaran bisa follow ig
165,2020/04/03 05:50:19,selagi dirumahaja uang bisa tabung emas kumpul logam mulia minigold dengan aneka pilih ukur mulai dari gram gram gram dan gram kumpul dan tukar minigold dengan lm antam di distributor resmiwil sby di no
166,2020/04/03 06:36:31,yug order wedang uwuh praktis tinggal seduh air panas rbpack isi bgks emponempon rbmika gula jahe praktis tinggal seduh air panas rbpack isi buah harga bom masuk ongkir kirim dari magelang sila dm untuk order
167,2020/04/03 06:36:19,cemilan kerupuk cocok untuk stayathome kaya gin diri dari rasa pedas kencur original rendang
168,2020/04/03 05:45:28,jual bando bayi handmade unik tidak pasar harga murce sekali rb isi pcs minat wa aja kirim photo bando yg ready nya ya bebas pilih sesuai ingin kirim dari bekas terimakasih
169,2020/04/03 06:33:07,bantu promosi ya bang umkm baru bulan ini buka brand sendiri punya market place di shopee
170,2020/04/03 06:28:02,pagi bang fahri kami dr majestycleather brand lokal khusus rajin tgn bahan kulit sapi nabati asli yg bahan kami import dr amerika semua proses dgn tangan tanpa mesin alias handcrafted kami pny bbrp ready stock dompet yg ingin sumbang mgkn bang fahri minat
171,2020/04/03 06:27:06,silah ready madu propolis langsung dari tani madu di tanggung order
172,2020/04/03 06:22:21,selamat pagi pak tanggulang corona dengan hidup sehat yuk konsumsi kurma dan madu dsri emier healthy food terimakasih
173,2020/04/03 06:08:53,madu asy syifa rb
174,2020/04/03 05:43:47,masker lasser cutting satu lusin dan kodi bahan scuba minat silah
175,2020/04/03 06:02:21,hand sanitizer gel isi ml harga rp ribu
176,2020/04/03 05:46:38,voal printing scarf dengan motif pinto aceh by seenong boleh di follow ig seenong
177,2020/04/03 05:45:15,kripik usus
178,2020/04/03 05:36:56,yg ini bang
179,2020/04/03 06:20:15,bantuin bangproduk lokal ksb kami produksi vco virgin coconut oil harga k untuk ml k untuk
180,2020/04/03 06:17:31,
181,2020/04/03 05:34:31,teman ukm yg punya dagang onlen mau promosi lewat twitter nanti saya bantu retweet biar banyak orang yang tahu klo bisa serta foto produk yg bagus bismillah bantu ekonomi rakyat yang lagi berat jumatberkah
182,2020/04/03 05:32:58,gak lah
183,2020/04/03 01:10:48,selamat tidur corona
184,2020/04/03 01:09:33,iman tidak siap obat tapi siap kita temu mati tapi sains dapat temu obat tapi tidak bisa siap kita hadap mati mingkin ini sebab geger ini sebelumtidur
185,2020/04/03 01:00:46,padahal iman harus buat kita tenang hadap misteri hidup dan sains buat kita tenang lihat staistik mati sebelumtidur
186,2020/04/03 00:54:21,bangsa yang cemas mati adalah yang cemas hidup sebelumtidur
187,2020/04/03 00:51:56,adab yg akan lahir harus punya perspektif yang baik tentang mati sebelumtidur
188,2020/04/03 00:15:17,confidence resolves half of the problem
189,2020/04/02 23:44:40,karena itu dia bui
190,2020/04/02 23:04:30,saya juga lagi nagih pak
191,2020/04/02 22:30:57,yang penjara siti fadilah adalah musuh bangsabertaubatlah
192,2020/04/02 22:24:59,bismillah tawakkal dan yakin aku salah adalah awal dari baik besar dan sekali lagi kita akan jalan sama harap itu masih ada kepala tetap tegak untuk yakin bahwa bangsa ini akhir akan pilih jalan baik bebaskansitifadilah
193,2020/04/02 22:20:23,saya adalah saksi yang teriak keras meihat praktek hukum kpk di masa lalu ini waktu yang sangat baik ayo kata arah baru kalian ke mana jangan ikut kelompo kecil orang kecut dan cundang dari masa lalu yang tidak mau aku salah diam hilang
194,2020/04/02 22:17:14,kpk tetap harus pimpin orkestra ini dan saya haru kpk tuju bebas korban di masa lalu kata niat besar kpk di belakang semua ini pasti ada arif baru karena aku bahwa sombong dan tepuk tangan di masa lalu tak sempat buat introspeksi
195,2020/04/02 22:14:31,saya ingin kpk yang pimpin bangsa ini dalam taubat tega hukum yang sembrono di masa lalu yang masuk rasuk kpk aku salah dan mari kita lihat ke depan dunia sedang ubah dan ini waktu yang baik bagi ubah dan kita bisa laku
196,2020/04/02 22:06:12,tapi hukum yang telah hilang jiwa dan jelma jadi alat balas dendam dan rekayasa kita akhir mari kita introspeksi mari kita pasuk zaman baru tega hukum yang dapat hidayah tuhan hukum harus kembali jadi yang mulia seperti gelar majelis hakim
197,2020/04/02 22:03:47,aku tetap didih lihat laku aparat tegak hukum di masa lalu dan di masa yang akan datang yang pakai hukum seperti milik mereka sendiri lalu jadi kaki tangan pihak luar untuk target bangsa sendiri aku sakit hati aku tau apa yang jadi bebaskansitifadilah
198,2020/04/02 22:02:11,ibu siti adalah pahlawan dunia suara gema pecah suasana tidak bisa lagi milik uang negara adikuasa dan pegang otoritas global main nasib kita negara yang rakyat hidup dengan butuh dasar ala kadar bebaskansitifadilah
199,2020/04/02 21:53:28,aku sama ibu siti fadilah suparikorban rekayasa hukumksatria indonesia lawan otoritas global yg ingin buat kita jadi korban ibu tuduh korupsi dlm sidang yg lelah tahun lalu vonis tahunmantan menkes itu masih dekam dalam panjara
200,2020/04/02 20:41:49,ada yang tau kpk lagi ngapin yang
201,2020/04/02 12:51:36,apakah tema ini perlu kita bahas
202,2020/04/02 11:19:50,teman ini dan bantu amat bijak publik yg lagi hapening nihom matnuryuk
203,2020/04/01 20:05:52,memang harus culik bosnamanya merariqtradisi ini cocok buat entetapi pasti ente belum culik belum culik
204,2020/04/01 19:55:53,kita harus cari akal buat asi
205,2020/04/01 11:26:50,live rapat kerja komisi iii dpr ri dengan menkumham ri
206,2020/04/01 10:30:40,sepeda bisa jadi tempat jemur
207,2020/04/01 09:25:59,mohondoarestu untuk partaigeloraid yang telah recara resmi daftar ke kemenkumhamri dirjen ahu kemarin meski dengan telekonfrensi dan kurang dari menit cc anismatta mahfudzsiddiq
208,2020/04/01 00:06:58,ayo temanteman dan saudara semua ayo bantu tandatangani petisi bebas siti fadilah supari juang sama lawan wabah corona lewat dengan klik link bagai ikut
209,2020/04/01 00:05:49,terima kasih pak sekjen mahfudzsiddiq
210,2020/03/31 23:39:21,mau tau suasana akhir dari temu telekonfrensi tadikatanya ini daftar parpol pertama dari jarak jauh ada lucu
211,2020/03/31 23:25:26,terima kasih kepada kader dan simpaatisan di seluruh indonesia saya ingin sampai kabar kagum para jabat yang terima an dokumen yang kita kumpul lembar demi lebar cara sukarela dari sabang sampai merauke sungguh ini kerja luar biasa geloramohondoa
212,2020/03/31 23:18:37,untuk itu semua partaigeloraid mohon doa restu kepada seluruh bangsa indonesia kami hadir di saat wabah datang tentu kami ingin hadir kokoh baris juang hadap tantang sekali kita mulai lang kita akan terus sama lewat masamasa geloramohondoa
213,2020/03/31 23:12:36,memang dokumen kami telah serah seluruh belum tapi kami tahan diri untuk tidak datang dalam suasana seperti sekarang kata sekjen mahfudzsiddiq bagai penanggungjawab daftar alhamdulillah akhir kami terima lalu telekonfrensi geloramohondoa
214,2020/03/31 23:07:31,kami dapat sambut baik dari pak menteri dan jajar yang tugas bahwa kemenkumhamri sambut baik hadir partaigeloraid bagai kuat baru yang akan beri warna baru pada politik nasional kita ini ikhtiar sama bangun demokrasi kita
215,2020/03/31 23:04:02,meski kami paham pihak kemenkumham sedang laku sesuai proses kerja akibat wabah covid namun kami menyakini bahwa proses verifikasi akan jalan lancar sesuai atur perundangundangan demikian harap tum anismatta kepada menkumham geloramohondoa
216,2020/03/31 23:02:21,hari ini kami cara resmi daftar urus tingkat pusat tkt provinsi tkt kabupatenkota dan tkt camat dan acu kepada permenkumham kami serah lembar dokumen syarat administratif sambut ketua umum anismatta
217,2020/03/31 22:56:44,di tengah pandemi yg luas di tengah kader dan struktur partaigeloraid di seluruh bumi pertiwi terus kerja cari jalan ringan beban sama maka kami pun jajar dpn partai gelombang rakyat indonesia gelora indonesia terus gerak jalan amanah geloramohondoa
218,2020/03/31 22:52:04,sahabat geloramohondoa tadi telah zuhur kami urus partaigeloraid ada telekonfrensi dengan kemenkumhamri khusus dirjen administrasi hukum umum ahu hadir pak menteri dan pak dirjen di layar kami tanda resmi daftar partai baru ini
219,2020/03/31 15:28:57,marhaban ya ramadhan
220,2020/03/31 08:14:54,staysafe jangan lupa minumjamu
221,2020/03/31 08:00:55,untuk beri contoh negara demokrasi yg jadi sorot sukses saya ingin sebut korea selatan taiwan singapore dan beberapa negara lainpendekatan buka adalah model yang anggap bagai anti tesis dekat tutup dalam negara totaliter
222,2020/03/31 07:53:35,wallahua lam
223,2020/03/31 07:53:21,salah paling fatal pimpin demokrasi adalah karena ketika medium partisipasi adalah sadar tapi mereka tidak punya paham akhir mereka kirim pesan yang bingung itu salah yang saya lihat di us india dan italia dan kawan negara demokrasi lain
224,2020/03/31 07:49:31,negara boleh tidak bicara kepada rakyat asal tiap pagi ada makan yang datang ke depan pintu rumah seperti burung boleh sangkar tapi harus beri makan tapi jika makan tidak sedia maka ilah bebas agar ia terbang cari karunia tuhan followership
225,2020/03/31 07:46:52,di korea utara tidak ada berita pimpin tidak rasa perlu rakyat ajak bicara rakyat dimobilisir saja diam di rumah atau jangan keluar daerah angka mati bukan masalah semua sudah biasa bahkan saya lihat wawancara yg kata putus pimpin selalu baik
226,2020/03/31 07:40:38,contoh lain adalah mesir di mana negara kembali rasa takut dengan cara ubah struktur yang sudah bentuk hampir tahun ada kudeta militer lalu buat darurat yang buat negara boleh rampas apa dari rakyat meski darah perintah anggap diri sukses
227,2020/03/31 07:34:06,dalam masyarakat demokrasi partisipasi rakyat sumber dari sadar dalam maayarakat totaliter sumber partisipasi adalah rasa takut kita telah pilih yang pertama jadi jangan harap rasa takut akan bikin urus ini selesai sampai kiamat gak bisa followership
228,2020/03/31 07:31:26,apa yang benar jadi sy lebih cenderung ajak pimpin kita ikut apa yang sudah ada struktur yang sudah bentuk paska amandemen konstritusi dan masyarakat yang bentuk pasca reformasi jangan keluar dari modal dasar kita jangan bikin simpang
229,2020/03/31 07:28:32,dunia sekarang ini melototin beberapa negara dengan bagai modelada negara yang pimpin gak lihat tetapi kasus inveksi dan mati juga tak kelihatanatau sedikit atau anggap sudah hilang ada negara yang pimpin aktif dan tampil tapi kasus tambah banyak
230,2020/03/31 07:24:59,putus apa tidak dengan sendrinya berjalania perlu partisipasi timbang penting para pimpin adalah tentang struktur masyarakat yang sudah bentuk tahun belakang ini perhati india us italy semua negara demokrasi followership
231,2020/03/31 07:24:45,mana aja bro
232,2020/03/30 08:49:24,ada juta video di youtube yang bisa siar lewt tv untuk semua kalang umur mulai dari ceramah ilmu tahu praktek lapang sampai tentang bagaimana bisnis dan mulai buah startup dan timbul jiwa kewirausahaan
233,2020/03/30 08:46:46,negara harus dorong media agar lebih kreatif isi acara yang kandung unsur didik anak kita sedang di rumah karena sekolah mereka tutup maka acara didik anak harus banyak sebab tidak bisa hindar tv akan jadi pilih isi waktu
234,2020/03/30 08:41:31,negara kali ini harus paksa media laku didik yang baik bagi publikpenggunaan frekwensi dan bebas di ruang media harus guna untuk selamat keadaanbukan untuk siar konyol yang tidak sensitif dengan keadaanini khusus buat tv non berita
235,2020/03/30 08:35:19,cemas adalah bukti bahwa kita punya ruang tidak paham atas situasi dan bahkan ada kita sendiritapi tugas pimpin adalah sempit ruang misteri dalam ruang publik kitaitulah arti edukasi publiksalah satu tugas utama politik dari hari ke hari
236,2020/03/29 23:39:30,selamat istirahat sahabat doa untuk yakin karena esok nanti kalimat dan tindak yang tuntun bangsakita dalam krisis besarkita sedang perlu berani laksana keyakinanuntuk negara dan bangsa kita khusus staystrongindonesia
237,2020/03/29 23:33:39,makin banyak kita ajar makin banyak kita pahampaham adalah jalan tuju keyakinandan yakin adalah dasar dari kata dan tindak yang kuatjangan pernah nampak bimbang dan gelisah apalagi jika ada dalam tampuk kepemimpinankarena itu awal bencana besar
238,2020/03/29 22:52:16,mengupdate diri malamtentang situasi kita dan kota
239,2020/03/29 13:50:42,makasih om faldo maju terus di buka sebut partai garbiofficial padahal dia ormas partai saya namnya partaigeloraid om
240,2020/03/29 05:30:30,ya allah sungguh aku lindung kepada engkau dari bingung dan sedih aku lindung kepada engkau dari lemah dan malas aku lindung kepada engkau dari kecut dan kikir dan aku lindung kepada engkau dari lilit hutang dan wenang manusiaalmatsurat
241,2020/03/28 16:01:54,negara telah milik seluruh perangkat untuk tahan perangkat itu tinggal guna negara kita adalah negara pancasila yang milik perangkat budaya untuk lawan cemas lebih bahaya dari corona maka tugas utama pimpin adalah ajak rakyat lawan rasa cemas
242,2020/03/28 15:46:24,publik itu punya daya tahan moril salah satu sumber adalah yakin pemimpinjika pimpin nampak lemah seluruh rakyat akan rasa lemahjika pimpin nampak kuat dan mampu gerak bangsa satu kita teguhini saat pimpin tampil ajak rakyat sama
243,2020/03/28 15:42:02,dalam sistem kita jabat level tinggi harus sering tampil dan bicaraini saat munculhari ini cakap publik perlu arah dan ketenanganjangan nampak bingung dan ragutidak ada jabat yg bisa wakil pimpin intimusuhnya besar jangan pion yg tampil
244,2020/03/28 15:28:39,ayo ikut gera emak ini bantu tenaga medis kita mampu kita yuk savetenagamedis
245,2020/03/28 15:24:08,terima kasih ya emak hebatsemoga yang lain susul bantu tenaga media kitaapapun cara asal ikhlas lillahi ta ala savetenagamedis
246,2020/03/28 12:02:55,ayo follow bunda neno untuk nasehat lama lockdownindonesia
247,2020/03/27 21:10:55,yang gak sempat bisa lihat juga di periscopeco youtube facebook obrol ringan dan santai belajardirumah lockdownindonesia staysafe
248,2020/03/27 20:06:44,lanjutt presidensial lawan wabah
249,2020/03/27 20:01:11,ngobrol politik online presidensial lawan wabah
250,2020/03/27 19:03:27,yuk nonton lockdownindonesia
251,2020/03/27 07:56:01,mr president and who director dont forget to be transparent about the production of vaccines and drugs covid because we are not fighting the virus with power but with openness dont preach while benefiting the rich and oppressing the poor please
252,2020/03/27 05:19:54,subuh dan pagi sahabat ini ada poster bagus inti virus covid tidak bisa gerak dia gerak oleh manusia karena medium tumbuh manusia kalau kita henti gerak virus juga henti dan lalu mati sederhana kan jumatberkah
253,2020/03/25 20:13:52,situasi ini tentu tambah berat beban di pundak dan asa beliau dalam situasi negara yang sedang dalam coba besar hanya doa dan dukung yang beliau dan keluarga harap dari seluruh rakyat indonesia mari kita hantar doa dan munajat alfatihah amin yra
254,2020/03/25 20:11:16,ini saat kita tani presiden jokowi dan keluarga yang sedang dapat musibah dari allah swt dengan doa dari rumah kita masing kita teman beliau dengan doa dlm antar dan ikhlas almarhumah ibunda sudiatimi notomihardjo yg telah panggil allah swt
255,2020/03/25 18:08:52,innaillahi wa inna ilaihi roji unturut duka atas wafat ibunda bapak presiden jokowi ibu sudjiatmi notomihardjo moga allah swt ampun segala dosa dan tempat di sisi yang maha mulia amin yra
256,2020/03/25 08:50:04,pagi sahabat bahwa rasa takut dan cemas itu efek pada bobol sistem imunitas tubuh kita maka mari kita lawan itu semua dengan yakin bahwa kita berani dan optimis itu saya yakin kuat kebal tubuh lawan virus dan sakit apa
257,2020/03/24 23:19:53,dar terus aspirasi kolegaterima kasih atas perhati tugas bnpbindonesia kemenkesri kemenkopmk aniesbaswedan pemdadkijakarta savetenagamedis
258,2020/03/24 22:55:57,jumlah rujuk lewat wa suspec covid masuk spgdt maret kasus diskusi pagi ini tim medik gercep ada pasien dgn hasil pasien pdp yang tidak bisa masuk ke rsf karena fasilitas belum rampung dan orang yang masih stagnan di rs nya atau pulang
259,2020/03/24 22:54:30,ini data per hari ini jumlah total pasien yg duga covid yg layan di rs fatmawati jaksel semenjak tunjuk jadi rs rujuk corona virus per maret ada orang jumlah odp maret orang jumlah pdp di lantai igd per maret orang savetenagamedis
260,2020/03/24 22:37:56,depan kita akan hadap dengan risiko tular covid kepada tenaga medis utama di frontline ini bahaya jika perang yang lakon paramedik kita tidak lengkap dengan senjata yang pada saya sampai suara hati mereka cc bnpbindonesia
261,2020/03/24 22:32:37,karena batas supply dari perintah sampai kita sendiri di frontline tuntut aktif untuk swadana swadaya serta kreatifitas sendiri buat apd masker lindung dll yang notabene mungkin besar jauh bawah kriteria standar lindung sesuai sop nya
262,2020/03/24 22:30:37,hari ke depan mana jumlah pasien yang baru mau capai puncak wabah mungkin dalam minggu ini turut kira epidemiologisedangkan amunisi baik itu upa masker apd sanitizer serta obat bagai tenaga medis dan paramedis sangat terbatassavetenagamedis
263,2020/03/24 22:26:47,mohon perhati bnpbindonesia kemenkesri poster ini sampai oleh kolega saya di rs fatmawati jakarta mereka bikin iklan mohon donasi apd alat lindung diri mereka khawatir langka apd akan jadi bencana bagi tugas medis kita ke depan
264,2020/03/24 10:33:42,aku jadi ngerti boso jowo akublas
265,2020/03/24 10:19:52,kalau kalian biasa benci kepada bangsa sendiri maka dalam ada ada serang yang asal dari luar pun seperti sekarang kalian tidak tau cara rakit satu saban hari masih cari musuh dari bangsa sendiri padahal jelas musuh datang dari luar kita belum sadar lur
266,2020/03/24 10:11:17,corona datang karena pola fitnah kayak gin milik akun kasus akun dibajakdirampas lalu akun itu kelola oleh admin buzzer lalu pakai ngetwit sensasionaladmin buzzer lalau kutip media buzz perhati milik asli akun pasti orang kasus
267,2020/03/23 20:45:33,aku dah bukan anggota dpr
268,2020/03/23 14:35:48,masih aja ada yg giniaku gak nyalon dinda orang lagi nagih hutang juga
269,2020/03/23 14:28:04,jubir presiden harus punya selera humor yg tinggi
270,2020/03/23 08:57:19,masa depan harus gambar jelas apa ujung dari semua iniajak semua orang dalam lorong besar tuju masa depandengan cara masingmasing kita akan sampai ke sana di tengah jalan kita akan saling gotong royong dan kuat kita akan sampai tuju sama insya allah
271,2020/03/23 08:20:47,negara jika ia ingin andal laku antisipasi bencana yang kebih besar mobilisasi sumberdaya bagi yang telah tumbang dan beri subsidi kepada rakyat dampak langsung dan beri jamin kepada tugas yang ada lini di depan negara kita harus tegak jiwa otonomi
272,2020/03/23 08:17:49,pagi kalau aku lihat tak ada yang terlalu bisa andal di luar sananegara atau otoritasakhirnya kembali pada diri jaga jarak pakai masker cuci tanganatau kalau bisa tidak keluar tetap di rumahsimpatiku kepada yang kerja untuk haridan untuk jaga kita
273,2020/03/23 08:03:15,kira kalau sambel ini masuk tadi sama singkong korona ke mana ya aku keringetan
274,2020/03/23 07:54:08,entah apa nilai anda tapi sarap pagi ini pakai singkong goreng lawancorona
275,2020/03/22 23:30:17,istigfar
276,2020/03/22 23:28:01,akhir dari tempat tidur saya ingat bahwa kita benar tiap hari mati sebentar lalu kita lupa tak bawa mimpi tak ada nyata tak ada materi dengan nama allah aku hidup dan aku mati sekian
277,2020/03/22 23:23:27,hai xi jinping apa kabar wuhan apa kabar masa depan hai trump ngomong terus sampean biasa hanya twitteran hai raja salman kapan boleh umroh jangan lupa haji wajib jangan henti hai jokowi sing sabar ya pak hai fahri kok belum tidur sampeyan
278,2020/03/22 23:15:55,di dunia di timur barat utara selatan corona bongkar topeng ilmu sok pintar nampak bodoh ulama jadi ingin rasional kuasa nampak lemah rumah ibadah ikut negara kantor negara ikut media sosial media sosial ikutikutan politis sembunyi di tempat terang
279,2020/03/22 23:07:54,hai ilmu semua yang kita tidak tahu itu tuhan maha tau maka dalam situasi darurat milik iman agar kita juga sandar pada rendah hati terlalu banyak yg tak kita tahu hai ulama takut pada allah jangan takut pada ilmu ajak ummat tawakkal dan doa
280,2020/03/22 23:00:15,ingin melek terus tapi kita harus istirahat kita lanjut besok sahabat tawakkal pada allah janganlupaberdoa
281,2020/03/22 21:25:07,ayok ngaku siapa yang berani mimpin sekarangtunjuk tangan semuanampaksemu
282,2020/03/22 21:22:18,gin amat ya
283,2020/03/22 21:16:45,aku mau keluar cukur ada gak yg cukur oleh robot ya
284,2020/03/22 18:10:05,om jangan hadap bebas dengan cemas olah ia akan mematikankebebasan ada di tangan semua orang masuk para jabat yang gaji untuk kata yang benar lebih keras dari kemapuan para pembuay berita hoax itu akal sehat rakyat tunggu berita istana lebih kuat
285,2020/03/22 17:50:13,selamat ingat isramirajh bagi kaum muslimin moga musibah ini ada hikmah bagi baik ummat dan bangsa kita ke depan moga bangsa indonesia kita bangkit dan maju menang lomba tegak baik pada dunia kita yang makin perlu baik
286,2020/03/22 17:47:33,maka rasa pada tanggal rajab ini pasuk bulan jelang ramadan maka kita seperti perlu banyak introspeksi dengan jadi luar biasa klb yang kita hadap memang semu harus kembali pada baik diri baru lingkung bisa baik
287,2020/03/22 17:44:32,maka jika hikmah ingin kita petik pada momen isramirajh ini adalah dialog dan doa yang ajar kepada nabi saw dalam jalan beliau ajar banyak zikir selain istigfar adalah la haula wala quwwata illa billah tidak ada daya upaya kita kecuali allah swt
288,2020/03/22 17:37:01,sekarang kita merayalan isramiraj dalam suasana pandemi coronaviruspandemic yang gempar ummat manusia ada jelas ilmiah atas semua jadi tapi bagi yang yakin pasti ada yang tak bisa jelas sehingga datang tiba tak baca dari mana mau ke mana
289,2020/03/22 17:33:09,di samping iman selalu ada tantang untuk bukti bahwa sesuatu yang belum anggap misteri dan mustahil akhir bisa bukti cara ilmiah lalu kita gembira bahwa iman kita bukti cara saintifik tapi itu hidup di dunia penuh dialektika belum iman
290,2020/03/22 17:30:22,ingat isramiraj selalu istimewa karena jalan ini beri istimewa kepada nabi muhammad saw hanya beliau yang sampai kepada pohon abadi sidrat al muntaha iti dan di sana perintah sholat langsung terima untuk ummat ya ini semua peristiwa iman
291,2020/03/22 17:23:35,hari ini ada peristiwa isramiraj yg belum sepenuh bisa cerna akal manusiabagi muslim jalan dari masjid haram di makkah tuju alaqsa di palestina lalu lanjut ke langit yg sebut sidrat al muntaha untuk terima perintah sholat waktu hanya malam
292,2020/03/22 16:26:39,ya
293,2020/03/22 16:25:58,data baru di kita sudah tinggal
294,2020/03/22 16:02:35,teman tengok data akhir tinggal di indonesiakalau gak hati bisa lompat kayak italiyg sudah an meninggalkalau benar data dki belah kanan bahwa carriernya mayoritas usia mudamaka yg muda harus nahan diriwaspada jadi antara virus
295,2020/03/22 15:07:31,siap salah
296,2020/03/22 14:54:15,ini waktu alkohol tidak kita minum lagitapi kita jadi desinfektansanitizerdan bahan antiseptik medik lainnyaayo
297,2020/03/22 14:21:15,mari kita yang punya mewah tinggal di rumah ini doa yang tidak bisa tinggal di rumah karena wajib mereka doauntukduniabebascorona
298,2020/03/22 11:23:17,harus ada masyarakat ahli virus di indonesiajangan ada jugaada yg tau
299,2020/03/21 23:29:22,tidur gih
300,2020/03/21 18:00:12,daya tahan tubuh kita adalah kunci dan salah satu yang jasa adalah asi yang kita minum sejak lahir sampai umur tahunsudahkah kita terima kasih kepada ibu kandung yang susu kita terimakasihibu jagastamina
301,2020/03/21 12:03:24,sarap tadi pagi pakai jersey baya biar nampak rada bonek dalam suasana lockdown berapa harga di pasar naik gak ya jamu rp vit c rp kopi susu onta rp jambu klutuk rp air putih gratis jangan lupa tetap jaga sehat
302,2020/03/20 20:25:07,ngobrol lagi malam ini
303,2020/03/20 15:45:43,perintah suruh masuk gua ashabul kahfi
304,2020/03/20 11:35:43,ikan jangan goreng ya
305,2020/03/19 23:05:37,selamat tidur ya meski besok kita beri kembali waktu jamtetap doa agar tuhan terima amal kita hari ini dan kita maaf yg salah kepada kitatidur harus lapang tanpa bebanamin
306,2020/03/19 23:01:08,saya harus putar badan masbiasanya gitu
307,2020/03/19 22:41:22,live presiden realdonaldtrump yg malas bicara ke media saja jadi bikin briefing tiap haridan bekerjasama dengan kongres siap dana tambah untuk atas coronavirusupdate bagaimana dengan negara kita
308,2020/03/19 20:58:27,bagi yg punya instagram ini ada himbauan bunda neno untuk jaga diri sendiri keluarga dan orang lain cc fadlizon sandiuno aniesbaswedan yuk stay di rumah keluar rumah hanya jika perlu yaaa himbauan coronavirus coronadiindonesia
309,2020/03/19 13:21:52,salam sayang jarak jauh ya brobagus aku gak jumpatapi kita doa berkah umur bagi
310,2020/03/19 12:59:37,telah zuhur saya ucap selamat makan siang tapi ini menu sarap tadi pagi buah semangka vitamin c dosis tinggi kopi susu onta jamu jokowi jagajarakcoy jagastamina
311,2020/03/19 10:21:18,waktu itu kamu belum lahir nak
312,2020/03/19 10:08:23,dampak selfisolation dan lockdown jagajarakcoy raja minyak urut cenderung kerja di rumah tapi masih goda cari kopi keluar rumah sore kalau korona dah pergi sehatselalugaes jagastamina
313,2020/03/19 00:04:33,moga surat buka ini buka mata akan jahat konspirasi tegak hukum di masa lalu yang incar musuh negara lain yang ada di dalam negeri sungguh kejam bebaskansitifadilah pahlawan dalam masa kita saat ini terima kasih cc prabowo wapresri kemenkesri
314,2020/03/19 00:00:58,maka pasuk usia beliau yang sudah tua dan sakitsakitan saat perintah perlu pandang lain tentang virus dan vaksin bebas ibu siti fadilah dia teman bicara yang benar dia yang bisa lihat peristiwa ini dalam penting nasional
315,2020/03/18 23:58:16,lima tahun hidup mnya habis cara kejam dalam adil media yg sadis dan sejak vonis tahun sampai sekarang ia masih dekam dalam penjara kenapa tegak hukum tega dengan ibu yang sederhana ini ini bukan soal hukum bapak presiden ini soal politik
316,2020/03/18 23:55:26,lihat kronologi akhir jadi menteri yang sederhana jadi krisis sehat di aceh yang buat beliau ambil bijak khusus lama jadi menteri terus kritis tentang konspirasi vaksin dan senjata biologi th sangka dan baru vonis
317,2020/03/18 23:33:54,tiga tahun telah pensiun ibu siti fadilah jadi sangka kasus duga korupsi pada bulan april atas proyek ada alat sehat untuk jadi luar biasa tahun nila milyar rupiah dengan kira rugi negara besar milyar rupiah
318,2020/03/18 23:29:13,buku ini tuai protes dari petinggipetinggi who dan as buku edisi bahasa inggris tarik dari edar untuk laku revisisedangkan buku edisi bahasa indonesia masih edar dan pasuk cetak ke lihat kronologi
319,2020/03/18 23:27:33,buku anggap bongkar konspirasi who dan as siti fadilah buka kedok world health organization who yang telah lebih dari tahun wajib virus sharing yang nyata banyak rugi negara miskin dan kembang asal virus sebut
320,2020/03/18 23:25:23,pada tanggal januari siti fadilah rilis buku saat dunia ubah tangan tuhan di balik virus flu burung yang isi kena konspirasi amerika serikat dan who dalam kembang senjata biologis dengan guna virus flu burung bebaskansitifadilah
321,2020/03/18 23:23:45,telah itu ia usaha kembali hak indonesia pada maret indonesia umum bahwa mereka telah capai sepakat dengan who untuk mulai kirim virus dengan cara baru untuk beri akses vaksin hadap negara berkembangbebaskansitifadilah
322,2020/03/18 23:22:15,tulis di laman wikipedia datadata ikut siti fadilah akhir kirim virus flu burung ke laboratorium who pada november karena takut akan kembang vaksin yang lalu jual ke negaranegara kembang ini timbul tegang bebaskansitifadilah
323,2020/03/18 23:17:43,sejak lantik beliau yang sederhana ini sangat peduli dengan sehat rakyat ia juga peduli dengan isu sehat bagai tahan nasional pandang ini buat sangat berhatihati dengan giat pihak luar masuk who dalam ambil sumberdaya nasional kita
324,2020/03/18 23:14:33,beliau pilih bagai kader muhammadiyah umur sekarang hampir tahun ia masih dekam di penjara saya saksi sederhana oleh pak sbyudhoyono dan pak pakjk beliau percaya jadi menteri sehat dan lantik tanggal oktober
325,2020/03/18 23:11:08,yang hormat pak jokowi dan pak prabowo ini waktu bapak bebas ibu siti fadhilah supari orang jenius indonesia yang jadi korban konspirasi jahat ia jadi dosen jadi ahli dan pimpin teliti di bagai lembaga akademik puluh tahun
326,2020/03/18 19:32:44,memang jalan masih padatbelum ada lockdownnkri tol jagorawi ke arah cibubur
327,2020/03/18 09:33:17,sarap pagi jamu rempah rp jambu klutuk rp kopi racik rp total rp ingat iklan milu
328,2020/03/17 23:29:21,jaga sehat jaga stamina ijin tidur dulu ya
329,2020/03/17 23:27:59,saya hanya kagum cara mereka hadap masalahdialog dengan wartawan di lingkugan gedung putih yang kenal kritis dan tajampresiden damping para ahli yg telah angkat jadi anggota tim gerak cepatbangsa itu lihat satu kembaliitu aja sih
330,2020/03/17 22:54:41,jangan singgung itu hanya kutip media cnbc yg siar langsung pagi ini lawancovid
331,2020/03/17 22:52:54,lalu wakil presiden mikepence muncul di belah presiden yakin pasar dan rakyat amerika bahwa dwngan kepenimpinan peesiden trump mereka bisa atas semua masalah inibahkan yakin semua akan atas secepatnyalihat belah pasar modal gerak positif
332,2020/03/17 22:45:25,presiden amerika lagi briefing dari whitehouse dan pasar modal langsung reaksi positif tanda pasar optimispresiden realdonaldtrump pimpin langsung konfrensi pershampir tiap haridan yakin kongres supaya mau kesah paket stimulus
333,2020/03/17 22:41:57,kata idris elba dia gk rasa gak enak badan tiba kena covid dengar lanjut
334,2020/03/17 22:03:11,saya sudah pensiun karena tidak calon diri lagijangan cari aku dalam perintah tapi cari aku di mpr mall plaza dan restauran
335,2020/03/17 10:08:06,maka jangan pikir negatif dalam krisis singkir ini waktu lihat peluangini waktu temu hal yang tak ada dalam masa normaldingin jaga stamina telah itu kita akan pukau dengan hal baru yang akan hadir di hadapaninilah peluang dan sempat
336,2020/03/17 09:38:34,bayang tua ini kita kita harus ajar cuci tangan lagidan kita mauyang muslim ajar wudhu lagiatau ajar dasar tentang jaga bersih dasarmemang kita perlu ajar lagitak perlu malubangsa kita ajar minum jamu lagicintailah produk indonesia
337,2020/03/17 09:33:45,sehat selalu suatu yg patut syukur karena hari ini kita mulai pikir cara bekerjasituasi ini akan temu jalanjalan baruarah barusemoga bangsa ini temu cara untuk jadi besarindonesia raya great indonesiakita ini perlu inspirator
338,2020/03/16 23:14:57,polusi udara berkurangharga saham jatuhdan terbang berkuranghanya ada kata bobok sekarang juga lawancoronabersama jagajarakdulu
339,2020/03/16 22:57:40,nonton berita resmi who
340,2020/03/16 22:56:11,anda lebih sopan
341,2020/03/16 22:55:22,heran aku olah raga kok banyak yang degdegan
342,2020/03/16 22:53:41,takut kuda mati kelindes
343,2020/03/16 22:53:11,aku belum pernah ngalamin mas
344,2020/03/16 18:09:36,ada yang tidak percaya bahwa tadi pagi saya olah ragaini salah satu sesi sesi lurus tulangkalau ada orang yg agak sehat kayak saya bukan gendut yaawas lalu biasa ini biar tulang anda utama bagi belakang gak jepit sarafok
345,2020/03/16 07:34:03,sultan maroko sarap pagi pakai gelas jamu dan buahwajah sedih mikirin apa ya sehat selalu semuanyajagastamina
346,2020/03/15 22:15:14,tidur cepat aja biar jaga stamina gih
347,2020/03/15 21:15:27,ayo kita pasti bisa meski saya sendiri ingin kata banyak jabat yang undercapacity saya gak mau sebut nama tapi kalau memang lihat kurang mampu baik sadar dan mohon bantu kepada yang lebih sanggup kerja ini perlu presisi tapi juga rendah hati tks
348,2020/03/15 21:12:17,syukur kita punya negara pulau pulau kita dan arti ada ribu pulau dan batas yang hambat sebar virus ini dorong otonomi yg telah ada dan beri subsidi dan bantu agar waspada ini dapat laksana cara cepat dan tepat di bawah
349,2020/03/15 21:08:48,negara besaar dan lebih kuat dari kita telah umum daruratnasional kait covid ini amerika yang negara liberal itu keluar trilyunan dolar untuk pasti rakyatanya tidak punya halang untuk laku test dan periksa serta awat
350,2020/03/15 21:03:52,jangan tarung dalam isu coronavirusindonesia ini milu masih jauh sekarang kita hanya punya tuju yaitu amat rakyat lupa hal lain yang gak jelas fokus pada selamat rakyat bangsa kita dalam bahaya besar oleh ketidaktahuan kita tentang skala soal
351,2020/03/15 21:00:23,kita pasti bisa temu cara untuk satu asal kita dewasa jangan mau dibohongin oleh mereka yang biasa abs sehingga publik rasa bohong oleh perintah buka dan di atas itu kita bangun sama kita pasti bisa satu di atas jujur pasti
352,2020/03/15 20:52:12,sikap partisan harus kita kurangicovidindonesia bukan isu partisan ini bukan soal aniesbaswedan vs ganjarpranowo atau ridwankamil apalagi jokowi yang tak akan tarung lagi ini soal mobilisasi nasional untuk punya sikap dan ber hadap semua kembang
353,2020/03/15 17:37:58,kunjung lapang gak ada lagi
354,2020/03/15 10:21:31,tetap olah raga tetap jaga stamina sehat jasmani dan rohani sehat akal pikir bismillah
355,2020/03/14 23:34:25,sementara itu saya tadi temu dengan para guru di sekolah alam yang saya diri sama kawan tahun lalualhamdulillah lama jabat saya jarang tengok mereka tapi survive mohon doa restu ya saya akan kuat sani ig naturislamid dan fb sekolah natur
356,2020/03/14 23:01:39,itu saja yg saya ingin ingat bagai warga negara karena saya ingin perintah satu kita itu aja
357,2020/03/14 22:58:02,tidak enak kata bahwa dalam uu ini dan timbang ada sekarang bahwa buka informasi kait selamat unum ini wajib dan tutup bisa kena pidana lihat pasal uu no
358,2020/03/14 22:47:32,teori informasi tutup itu tidak lagi kenal di indonesia sejak uu buka informasi publik yaitu uu no sah negara harus buka apalagi kait selamat rakyat sebab selamat rakyat adalah hukum tinggi salus populi suprema lex kata cicero
359,2020/03/14 22:20:08,perintah hanya bisa laku mobilisasi total apabila buka jadi sebenarnyarakyat akan taat kok ini waktu laku mobilisasi total untuk penting nasional bismillahayuk kita satu lawancoronabersama
360,2020/03/14 21:06:43,sahabat semua harus jaga stamina jika jabat tingkat menteri kena apalagi yg lain mari kita saling doa dan saling mengingatkanvirus kita lawan dengan bias hidup yang lebih sehat yuk waspadacovid
361,2020/03/14 20:53:01,mari kita doa menteri hubung pak budikaryas moga lekas sembuhbeliau umum kena covid
362,2020/03/14 15:02:31,kopi dan buku tani dalam sepi padahal jual online
363,2020/03/14 09:58:21,pagi ini cerah sekali matahari antar dalam hangat yg kesan kau tak perlu cemas sayang aku pergi membawakerinduanku dan kembali bawa setia syukur untuk pagi yg mere segar senyum tegar jiwa hari kita akan hadap seperti biasa
364,2020/03/14 09:30:11,one more flight
365,2020/03/14 08:19:17,ubah biasa
366,2020/03/13 11:11:06,saya titip doa saja ya allah ilah kami optimisme
367,2020/03/13 10:39:59,mari kita doa yuk
368,2020/03/13 07:20:29,kompetisi henti konser batal isolasi mulai gencar dan para pimpin dunia ubah salam lalu pakai siku ada yg usul tak perlu sentuh sehingga mungkin saja serang fisik bisa kurang pandemi ini ubah prilaku jadi damaiapa yang lucu
369,2020/03/13 06:53:13,tidak elok menteri pak jokowi serang menteri yang pernah percaya oleh presiden yang sama sebab itu seperti serang presiden yang samaada problem etik di dalamnyakarena di masa lalu bijak itu pernah puji
370,2020/03/12 20:30:49,tanda mari baca
371,2020/03/12 20:02:07,tunggu arah nasionaldari pimpin nasionaltentang strategi nasionaldan mobilisasi sumberdaya nasional
372,2020/03/12 19:51:29,jangan lupa
373,2020/03/12 19:47:38,simak
374,2020/03/12 10:39:16,publik akan hilang
375,2020/03/12 10:38:17,satu perintah tuan corona ke kita sep menep kurang pesta dan banyak doa doa pun utama yg sendiri kembali ke rumah
376,2020/03/12 10:34:40,mungkin karena dunia rusuh lalu tuhan kirim corona bagai juru damairasanya sekarang semua tenangmau gampar orang takut dia kena virusalhamdulillah
377,2020/03/12 09:46:59,langkah praktis dari whomengurangi sebar virus covidindonesia
378,2020/03/12 09:41:54,tingkat silaturahim lalu media sosialkurangi sentuh fisikkeciali dengan muhrim
379,2020/03/12 06:52:34,kasi dalil sama ustdzah kopipagi kopirevolusi
380,2020/03/12 06:41:07,kopi pagi racik sendiri
381,2020/03/12 05:54:14,pasal uud fakir miskin dan anakanak yang lantar pelihara oleh negara negara kembang sistem jamin sosial bagi seluruh rakyat dan daya masyarakat yang lemah dan tidak mampu sesuai dengan martabat manusia bpjs m
382,2020/03/11 23:16:19,niat tetap untuk laksana pasal uud dan juga perintah agamaitu yg utama bukan untuk pribadi pahamkebetulan pasal dan hubung jadi taat putus ma ya
383,2020/03/11 22:31:06,aku tuh heran ya kalau dengar orang ajak taat putus mahkamah agung kok jadi hepi sendiri yasenyum gituada yg bisa jelas
384,2020/03/11 22:21:17,hmhmrasanya sebentar lagi aku dapat uang
385,2020/03/11 22:20:01,saya lebih percaya fadli dari raja belanda apalagi soal keris tau apa kompeni soal kerisbelanda itu kita percaya hanya soal keju dan kincir anginitu aja
386,2020/03/11 22:14:24,ken segera pulang kampung
387,2020/03/11 21:20:02,itu gadget pak yang kiri samsung dan yang belah nokia
388,2020/03/11 20:23:21,kulo mboten tindak pundipundi sing sabar nggeh
389,2020/03/11 20:16:52,hidup susukudaliar
390,2020/03/11 20:16:05,untuk tahu semua kuda di sumbawa itu liarjadi yg hebat orang sumbawa bagaimana merah susu kuda sambil balap
391,2020/03/11 18:42:53,kok dibroadcast
392,2020/03/10 15:16:44,di indonesia sudah bisayg belum karena dprri belum fully independent
393,2020/03/09 19:18:12,betul berul betul
394,2020/03/09 18:00:56,pengaruh rendang nan halus
395,2020/03/09 17:37:33,ma saja bisa bikin batal atur perintah bagaimana dengan mk mk bisa batal uu apa masuk omnimbuslaw maka uu harus konstitusional semua atur harur sesuai dengan uud
396,2020/03/09 11:09:40,dear narendramodi stop violence in your country like gandhi who refuses violence because he wants to live side by side you dont have to die like gandhi in the hands the radicals you just have to be moderate and kind from aieangekcottage fadlizon hotel
397,2020/03/09 09:53:43,assalamualaikum pagi dari aie angek di kaki gunung singgalang
398,2020/03/09 06:59:44,tuju kita sebut f aja biar gampang ingat kayak terminalhahaha
399,2020/03/08 16:11:21,terima kasih bung kapan kita ngopi diskusi
400,2020/03/08 06:09:21,pagi jual buku
401,2020/03/07 23:30:20,kau tau ketika aku tidur aku hilang kembali pada dan kau pun hilang tapi akan kita temu dalam mimpi sebelumtidur
402,2020/03/07 23:29:14,ini malam yg ribu suara senyap bisik doa tembus polusi udara tapi selalu ada yang harap jalan akan lipat ganda jembatan akan hubung langit dan bumi bagai pelangi air akan jernih kembali bagai fatamorgana ini malam ke ribu kau lupa janji
403,2020/03/07 23:22:59,aji bakat salam
404,2020/03/07 22:05:51,fay sambil tertawa kecil bikin video lagu bintangkejora karya at mahmud bagaimana turut anda jangan nilai nyanyi ya
405,2020/03/07 12:08:18,dan aku benar lompat
406,2020/03/06 19:08:11,tuduh papar teroris lebih capek ya
407,2020/03/06 17:12:20,polingpolingan mana yg lebih capek tuduh
408,2020/03/06 00:54:01,adapun bisnis yang akan ganggu dan rugi oleh virus korona adalah
409,2020/03/05 16:12:20,bisnis apa yang untung zaman virus corona gin ya
410,2020/03/05 13:12:32,harus ini waktu bagi indonesiapeluang dengan buka lebar
411,2020/03/05 09:21:38,saat negara galang solidaritas
412,2020/03/05 00:26:38,kau mungkin bisa temu aku di antara runtuh dan puingpuing tahta kezalimantapi aku tak bisa hadir di antara tirani dan penindasanmaka cari aku dalam bisu sampai kau tau ada aku dalam sepi
413,2020/03/04 10:13:13,ini bahan jamu saya tiap pagimadu rempah arabic gum step rempah kunyit jahe kencur kapulaga sereh cengkeh dan jeruk nipis campur air liter rebus jam dan telah hangat di beri madu dan arabic gum siap minum ayominumjamu
414,2020/03/03 14:08:11,sekal lompat tinggi
415,2020/03/03 14:00:36,cemas itu sumber dari asa tak tau dan tak daya itu tak boleh biar negara harus hadir informasi cara massif ini momen untuk galang kuat yg asal dari dalam cemas hilang dan ganti kuat serang adalah cara tahan baik
416,2020/03/03 05:07:57,di negeri ini kita mengjadapi feodalisme yg masih akutmasih banyak tempat bagi jilat dan absmengerikan
417,2020/03/02 20:30:03,mohon maaf jika ada yang kurang kenan ya
418,2020/03/02 15:17:39,ini teripang yang hidup kiri dan yg sudah masak orang sumbawa sebut banten masak tak terlalu matang masih keras dan potong kecil beri bumbu dan kelapa yang banyak rasa unik tak bisa dijelaskanhmmm
419,2020/03/02 00:36:44,terima kasih sahabat orang kampung tak pernah punya raya ulang tahuntapi usia tua buat kita harus cari cara bahagia orang tua sekali lagi terima kasih
420,2020/03/01 11:55:11,malam saya ajak naik kapal laut di selat alascek video
421,2020/03/01 05:39:18,selamat pagi bung nataliuspigai sehat selalu
422,2020/02/29 23:36:46,sebab indonesia tidak pernah absen dalam politik internasional sejak proklamasi adalah karena para diri bangsa kita percaya bahwa merdeka itu adalah hak segala bangsa jadi aktif kita universalkemanusiaan itu universalpolugri kita harus aktif
423,2020/02/29 23:17:50,kalau bung perlu jelas begini presiden kita adalah pimpin negara dengan populasi musim besar predikat itu buat kita perlu galang solidaritas manusia yang adil dan adab sesuai sila ii yg oleh bung karno milik dimensi internasional gitu
424,2020/02/29 22:25:16,ijin tum lanjut
425,2020/02/29 09:31:12,jarang lihat nih jangan ikut pensiun dong
426,2020/02/29 09:28:24,pagi sahabat mekar seperti bunga cantik pandang mata hambur wangi kata dan buat pukau karena apa yang ada dalam hati yang mulia pesona dan doa agar tuhan bagaimana telah indah wajah maka dia indah pula akhlak perangai
427,2020/02/28 22:56:14,terus jalan di bumi yang makin gersangkita harus sih bumi dan tanam kembali jadi hijautapi jangan lupa hak badan untuk istirahat sejenakselamat istirahat sahabat
428,2020/02/28 11:20:11,sholat jum at tidak bisa tunda
429,2020/02/28 09:37:57,yang hormat datuk seri anwaribrahim sungguh kami doa agar transisi politik malaysia jalan damai dan lancarsemoga kelak serum tetangga dapat saling kuat kami doa datuk sehat selalu amin yra
430,2020/02/28 08:41:10,bangun mari kita besar otot lengan
431,2020/02/28 08:12:15,bangun kau mungkin tak lihat terbitkarena mendung pagi dan gelap awan yang hitamtapi ia telah terbitia ada beri hangat
432,2020/02/28 07:33:11,bangun telah terbit matahari
433,2020/02/28 00:20:19,hening cipta mulai
434,2020/02/28 00:03:21,makan puas tetap waspada selamat ya mak mari beri makan nkri puasa
435,2020/02/27 23:42:45,itu omong lama elu aja kagak nyimak makanya lain kali kalau aku ngomong dengerin omong pahit tapi aku bicara apa ada bukan sandiwara
436,2020/02/27 23:25:14,lanjut
437,2020/02/27 09:07:52,moga sahabat gembira semua hari inijangan biar siapa rampas dari kitabehappy
438,2020/02/26 06:27:58,moga banjir telah surut pergi dan tak kembali lagiamin
439,2020/02/25 22:55:12,soal wagub dki bagus kita minta tolong om sandiuno yamasak sih gak bisa kelar kasi pak aniesbaswedan kerja sendiri
440,2020/02/25 20:45:42,wagub dki jakarta mana sih
441,2020/02/25 06:10:30,hujan malam waspada banjir kawan
442,2020/02/25 00:03:20,kau cangkir kopi pahit yang hadir pada babak akhir
443,2020/02/24 23:57:59,alhamdulillah masih melek nanti aku kirim buku sekarang bobolah
444,2020/02/24 23:44:50,om febridiansyah apa kabar om johanbudisp apa kabar om sahabaticw apa kabar belum tidur ya tidur
445,2020/02/24 23:36:50,lebih sangar siapa coba
446,2020/02/24 23:29:50,apa kabar stafsus milenial jangan lupa doa belum tidurjangan lupa cuci kaki
447,2020/02/24 13:43:14,lagi pak mahathir beri contoh yang baik bagi malaysia dan dunia malaysiaterbaru
448,2020/02/24 12:16:19,book di fahrihamzahgood aja
449,2020/02/24 10:23:43,ayo para jomblowan dan jomblowati
450,2020/02/24 07:48:53,ayo optimis
451,2020/02/24 07:48:39,kalau itu jadi semua akan jadi baik pada waktu yang tak terlalu lama mata air yang bersih akan basuh jiwa akal pikir dan tubuh bangsa dan rakyat indonesia jadi juara jadi rahmat alam semesta jadi cikal bakal adab mulia di mulai di nusantara
452,2020/02/24 07:46:18,makanya kalau ada saja masalah yang harus henti oleh pimpin kita hari ini di antara begitu banyak satu saja cipta siatem anti korupsi yang mungkin semua orang lihat bersih bagai mata air segar yg alir dari dalam pemerintahanjernih dan bersih
453,2020/02/24 07:43:12,dan korupsi karena sifat sakit yang asal dari dalam organisasi negara yang timpa pimpin dan birokrasi maka jika korupsi tidak hilang arti rakyat hanya sedang saksi pesta pora para pimpin saja biaya makin mahal hasil makin minimal
454,2020/02/24 07:39:28,eksekutif negara karena wenang dan waktu yang batas harus beri jangka waktu kapan suatu masalah akan diselesaikansebab jika tidak tiap tahun masalah rakyat hanya akan jadi janji kampanye baruini tragedi yang tidak boleh jadi
455,2020/02/24 07:35:35,eksekutif negara itu kerja dengan waktu batas kenapa karena uang yg pakai kerja tuntas pekerjaanya ambil dari keringat dan jerih payah rakyat dari pajak hasil bumi dan kaya negarajadi jangan kasi amanah malah bikin ribut dan masalah gak selesai
456,2020/02/24 07:32:30,korupsi mudah hilang itu ilmu ratus tahun di eropa amerika asia dan afrika bisa koktapi kalau ada orang sulit ya kita doakandan kalau beri amanah berantas korupsi ya diselesaikanjangan malah raya ada dan jadi modal bikin ribut
457,2020/02/24 07:06:21,jadi berantas korupsi perlu ilmu jangan sradak sruduk ya
458,2020/02/24 06:43:37,alhamdulillah moga pada sadar
459,2020/02/24 06:30:37,pagi sahabat mari simak belum terlalu jauh
460,2020/02/23 21:37:02,orang pada gak mau baca buku kayak anda gak punya ilmu lalu rasa erti persoalannanti kita jewer pada waktu
461,2020/02/23 20:00:48,sudah tiba kembali di jakartaterbang cuma menit beda jauh amat yak
462,2020/02/23 19:33:14,tetapi alir ke laut tuju ke laut capai laut laut abdi kepada negara dan tanah air yang irama gelombang gelora ir soekarno
463,2020/02/23 17:25:56,cangkir atau gelas ke hari iningopi sore di airport raden inten
464,2020/02/23 15:00:43,marah dan kecewa pada karena aku perlu itu
465,2020/02/23 06:54:47,bismillah take off lampung
466,2020/02/22 23:55:26,nanti ada waktu saya bongkar tuntas soal ini tenang ajasekarang tidur dulu gihngurus negara itu berat biar aku aja
467,2020/02/22 23:53:32,ayo tidur kawan ini akhir pekan pakai istirahat
468,2020/02/22 23:10:07,doa ya soal ini bukan panas politik ini ngopi biasa aja cangkir kopi dan buah harap
469,2020/02/22 21:50:52,sampai ketemu di lampung besok ngopiyuk
470,2020/02/22 21:20:25,selamat semua maju terus ya
471,2020/02/22 12:49:25,hubung apa
472,2020/02/22 12:09:36,kasus yg henti kpk itu apa saja ya
473,2020/02/22 00:07:37,terus simpan harapanseperti ketika kau ingin pada malam gelap ada cercah cahaya yang sinar menep cemas yang entah datang dari mana bukuputihfh suarakusepi
474,2020/02/22 00:03:33,terima kasih telah datang kepada para guru dan sahabatini ikhtiar sederhana bunyi apa yang saya anggap benar terima kasih dukunganya bukuputihfh
475,2020/02/21 11:34:57,selamat jumatberkah jangan lupa pakai parfum
476,2020/02/21 11:01:24,maka dengan rendah hati saya sembah bukuputihfh ini dan selamat ikut bedah buku bagi yg sempat ikut dan selamat baca bukuputihfh
477,2020/02/21 10:58:29,sekali lagi partai politik kita adalah rahim bagi demokrasi indonesia yg apabila gagal terap prinsip daulat rakyat di dalam maka partai politik akan dengan sangat mudah jebak pada boleh atau bahkan permisif hadap oligarki dan politik dinasti
478,2020/02/21 10:56:59,bukuputihfh sy tulis untuk kembang partai politik kita depan yang sama sekali tidak boleh arah kepada kuasa kelompok orang atau mati prosedur sehingga hakhak anggota yg di dalam ada hak asasi manusia rampas dengan sangat mudah
479,2020/02/21 10:54:03,karena itu konsepsi daulat rakyat dalam tradisi konstitusi indonesia harus warna seluruh tradisi negara kita daulat takyat adalah rupa suatu konsepsi yang serius dan sangat kuat ini tanda demokrasi kita yang sungguhsungguh bukuputihfh
480,2020/02/21 10:52:05,daulat rakyat seperti yg kita dengar dan kita lihat di dalam buka uud bahkan telah tuju negara dan belum pancasila sebut sebut prinsip yang daulat rakyat dengan dasar kepada tuhan yang maha esa dan terus bukuputihfh
481,2020/02/21 10:45:17,itu sebab dalam buku ini rekam beberapa jejak teoritis debat antara daulat partai politik yg belakang ini nampak makin kuat jalan dengan turun citarasa demokrasi kita hadap dengan daulat rakyat yang telah cara sangat kuat patri dlm uud
482,2020/02/21 10:43:25,penting bagi kita untuk bincang masa depan selenggara negara dengan beri perhati kepada masa depan kelola partai politik demokrasi tidak bisa hindar eksistensi lembaga yg rupa jembatan tuju negara ini bukuputihfh
483,2020/02/21 10:31:21,sejak awal pks anggap remeh putus adil tapi saya akan diri dukung adil tetapi jauh lebih penting adalah jelas baik cara teoritis maupun dalam praktek apa yang jadi dasar dan apa yang jadi jadi benar dalam peristiwa sebut
484,2020/02/21 10:29:26,meski pks tolak sekarang sedang tunggu hasil dari wajib yang harus bayar pks kepada saya rp miliar telah peristiwa kasasi inkracht dana itu akan saya untuk bagi masyarakat khusus rakyat yang tidak untung fakir miskin dan anak lantar
485,2020/02/21 10:25:52,adil negara identifikasi ada buat lawan hukum pmh upa adil sesat dan pmh lain sehingga cara jenjang dari adil negeri adil tinggi dan mahkamah agung cara konsisten buat pimpin pks telah batal bukuputih fh
486,2020/02/21 10:21:06,bukuputihfh ini tentu rupa karya yang picu oleh peristiwa yang jadi th lalu ketika saya henti pks dari seluruh jenjang anggota pemulamudadewasaahli tanpa sebab dan alas sehingga pecat sebut kalah batal oleh adil negara
487,2020/02/21 09:09:50,teman mohon doa hari ini mau luncur buku yg sudah cukup lama saya rencana ini adalah bukuputihfh yang rekam buah debat yang serius tentang bagaimana debat tentang daulat parpol vs daulat rakyat moga manfaat bagi bangun demokrasi ke depan
488,2020/02/20 19:07:21,barokallah emak indonesia maju terusini waktu bangkit bravoemakindonesia
489,2020/02/20 04:02:46,kapan undang dia jadi narsumsupaya dia baik filsafat yg rusak oleh ilctv tuju ya bang karniilyas
490,2020/02/19 22:05:00,tidak ada sengaja
491,2020/02/19 22:02:51,nengok ke rumah itu belanja tanpa batas ada taman indah ngemplang tambah banyak gardu dari besi dan kaca kursi tamu kulit kilat rejeki kayak air udah ada mobil beli jalan raya tiap hari proyek baru awal aku decak kagum luar biasa utang semua nyata
492,2020/02/19 21:45:29,nengok ke rumah itu listrik tanpa batas garasi dan taman indah mobil tambah banyak pagar dari besi dan kaca lantai marmer kilat hampar karpet sia atap genteng warna kolam renang dan sauna awal aku decak kagum luar biasa nyata utang semua
493,2020/02/18 23:30:21,moga lekas sembuh
494,2020/02/18 09:30:52,apa kabar indonesia apa berita gembira buat kita hari ini
495,2020/02/17 18:27:28,siap komandan
496,2020/02/17 00:03:21,teman doa pekan ini kita launching sederhana bukuputihfh ini biar tuntas saya gak ada beban dan hutang piutang lagi buku ini cerita banyak fakta hubung antara jabat yg pilih rakyat elected official dengan parpolnya buku gak mahal kok
497,2020/02/16 16:02:27,video yg tarik ringkas isi pikir presiden
498,2020/02/16 10:21:19,selamat tinggal sahabat terima kasih bengkulu lewat patung bunda fatmawati belum tuju airportikon baru kota bengkulu
499,2020/02/16 07:04:00,akhir dapat juga gadgetbengkulu upa tongkatpakwali yang beri kepada saya supaya terus ingat kota ini terima kasih pak wali
500,2020/02/16 06:35:18,hari di bengkulu cangkir kopi ceramah sahabat mata acara talkshow be tv beken nasehat nikah kultum walikota temu kader gelora kuliah ormas pemuda padat juga
